aX,aY,aZ,gX,gY,gZ
0.473,0.076,2.098,23.071,6.470,-4.333
0.480,-0.016,2.155,32.654,5.127,-7.568
0.530,-0.082,2.237,41.199,11.047,-15.320
0.552,-0.025,2.381,49.011,20.447,-26.062
0.555,-0.020,2.505,58.228,31.494,-38.025
0.602,-0.094,2.562,71.289,42.969,-46.753
0.583,-0.154,2.570,84.900,45.288,-53.162
0.637,-0.210,2.607,97.412,45.715,-62.500
0.622,-0.249,2.620,103.455,33.447,-74.097
0.586,-0.276,2.541,100.891,14.038,-85.083
0.559,-0.280,2.402,92.773,-3.540,-96.313
0.488,-0.238,2.244,83.862,-20.081,-106.812
0.436,-0.164,2.054,74.646,-32.288,-117.981
0.370,-0.052,1.869,66.101,-42.297,-129.028
0.291,0.055,1.695,57.495,-50.110,-139.648
0.220,0.214,1.493,47.119,-53.467,-147.888
0.193,0.326,1.188,34.546,-51.453,-149.719
0.169,0.456,0.925,22.095,-54.199,-145.935
0.101,0.500,0.671,15.076,-60.364,-140.686
0.063,0.425,0.449,20.203,-62.195,-134.521
-0.024,0.323,0.237,34.546,-67.566,-130.493
-0.074,0.180,0.105,53.406,-76.599,-131.287
-0.145,0.091,0.064,73.425,-80.139,-137.451
-0.139,0.064,0.083,90.820,-74.890,-147.522
-0.156,0.099,0.135,103.760,-67.749,-157.288
-0.117,0.187,0.176,108.948,-56.213,-163.086
-0.110,0.323,0.220,98.511,-43.884,-162.781
-0.119,0.494,0.177,69.397,-41.321,-154.785
-0.109,0.685,0.125,34.363,-42.969,-139.771
-0.140,0.834,0.079,6.042,-42.419,-124.451
-0.208,0.888,-0.026,-5.066,-37.048,-113.037
-0.327,0.889,-0.156,7.080,-23.865,-106.567
-0.406,0.826,-0.290,37.720,0.793,-108.398
-0.473,0.768,-0.319,75.500,30.457,-116.821
-0.424,0.714,-0.230,108.398,63.782,-128.174
-0.336,0.745,-0.063,123.779,71.411,-136.414
-0.295,0.855,0.215,119.080,38.452,-136.230
-0.323,1.022,0.377,94.299,-4.761,-124.817
-0.400,1.183,0.408,51.514,-39.429,-104.370
-0.488,1.376,0.311,3.540,-60.120,-81.055
-0.619,1.553,0.140,-34.241,-65.491,-55.969
-0.777,1.647,-0.065,-49.377,-57.007,-28.137
-0.869,1.555,-0.257,-42.236,-35.400,-0.671
-0.896,1.335,-0.307,-26.611,-10.864,21.118
-0.843,1.067,-0.230,-10.803,2.136,36.987
-0.762,0.825,-0.075,-0.610,-5.737,48.462
-0.737,0.664,0.123,2.441,-24.658,58.716
-0.685,0.549,0.276,-3.662,-31.677,66.406
-0.648,0.523,0.371,-15.625,-33.813,72.327
-0.611,0.539,0.416,-28.992,-36.926,78.186
-0.608,0.558,0.404,-40.344,-40.771,85.693
-0.636,0.544,0.361,-49.438,-41.260,95.276
-0.683,0.507,0.304,-55.054,-36.804,105.164
-0.716,0.451,0.267,-55.054,-26.794,112.488
-0.715,0.403,0.267,-48.523,-12.451,115.723
-0.697,0.345,0.339,-35.583,2.380,116.699
-0.639,0.305,0.445,-19.104,15.869,116.699
-0.570,0.271,0.592,-4.883,26.672,116.028
-0.493,0.242,0.759,5.066,33.142,116.089
-0.417,0.209,0.902,10.925,34.973,118.469
-0.355,0.156,0.991,12.329,33.020,123.169
-0.316,0.083,1.032,9.277,30.457,129.028
-0.293,0.005,1.045,2.686,28.381,134.338
-0.279,-0.046,1.026,-5.859,27.405,137.939
-0.268,-0.089,1.007,-13.245,27.649,139.648
-0.242,-0.126,1.001,-18.311,27.893,140.381
-0.228,-0.137,0.955,-19.958,24.841,140.320
-0.205,-0.132,0.938,-16.235,22.766,138.184
-0.176,-0.128,0.967,-9.155,23.254,135.498
-0.113,-0.148,1.029,-1.404,25.269,132.812
-0.031,-0.189,1.137,5.066,25.940,130.981
0.015,-0.239,1.198,6.897,21.729,129.761
0.069,-0.273,1.253,4.517,15.137,128.174
0.103,-0.297,1.272,-3.296,6.287,127.197
0.119,-0.319,1.239,-15.808,-5.432,126.770
0.089,-0.329,1.127,-31.372,-18.738,127.258
0.035,-0.326,0.962,-46.326,-30.212,127.319
-0.006,-0.318,0.849,-55.359,-34.851,125.244
-0.026,-0.303,0.799,-57.434,-33.325,120.789
-0.031,-0.268,0.772,-54.199,-28.625,115.051
-0.015,-0.237,0.763,-47.729,-23.132,108.398
0.016,-0.218,0.786,-41.138,-18.005,102.234
0.068,-0.219,0.846,-37.415,-13.184,96.436
0.095,-0.217,0.900,-36.560,-11.719,90.515
0.101,-0.203,0.894,-35.522,-10.864,84.229
0.103,-0.185,0.880,-30.884,-8.728,76.294
0.094,-0.172,0.893,-23.804,-7.324,67.322
0.094,-0.167,0.898,-17.578,-6.287,59.448
0.099,-0.153,0.917,-14.038,-7.141,54.077
0.099,-0.134,0.940,-15.259,-10.071,50.781
0.103,-0.106,0.925,-22.217,-12.024,49.255
0.099,-0.088,0.908,-31.860,-12.451,49.133
0.095,-0.084,0.883,-40.588,-10.315,48.889
0.098,-0.056,0.875,-46.448,-4.517,47.119
0.142,-0.050,0.902,-45.959,1.526,43.335
0.103,-0.022,0.977,-39.734,1.160,37.292
0.125,-0.032,1.082,-26.367,4.700,28.870
0.137,-0.035,1.197,-11.658,8.911,19.653
0.156,-0.015,1.314,-0.977,12.207,11.780
0.176,-0.002,1.395,2.991,14.526,6.470
0.178,0.030,1.408,-0.305,15.442,4.700
0.172,0.065,1.390,-8.362,14.099,6.409
0.157,0.074,1.361,-18.982,10.864,9.644
0.127,0.069,1.336,-29.236,7.507,12.817
0.088,0.060,1.327,-35.095,6.042,14.465
0.066,0.050,1.335,-35.889,6.348,13.550
0.057,0.052,1.337,-33.447,7.263,11.108
0.034,0.064,1.347,-28.442,7.935,7.874
0.014,0.070,1.372,-21.301,8.179,3.845
-0.001,0.079,1.380,-12.573,9.583,0.061
-0.012,0.092,1.366,-4.578,11.353,-3.113
-0.019,0.097,1.351,1.282,12.390,-4.822
-0.023,0.102,1.337,4.028,12.024,-5.371
-0.035,0.105,1.333,4.578,10.376,-4.517
-0.044,0.097,1.333,4.089,8.057,-3.113
-0.044,0.084,1.323,1.770,5.432,-1.648
-0.047,0.072,1.304,-1.526,2.380,0.000
-0.060,0.056,1.272,-4.333,-0.854,1.404
-0.080,0.040,1.228,-5.920,-3.052,2.319
-0.187,0.789,2.495,-19.348,53.894,-28.198
-0.049,0.532,2.441,24.414,73.364,-25.879
-0.122,0.607,2.969,63.171,96.436,-18.066
0.265,-0.202,3.148,113.831,118.774,-20.203
0.547,0.038,2.876,89.111,76.965,-14.343
0.350,0.082,2.389,47.241,54.077,-24.353
0.477,-0.164,1.866,39.856,19.836,-13.245
0.477,-0.453,1.347,13.184,-7.446,2.258
0.408,-0.521,1.024,-24.658,-24.353,5.920
0.401,-0.364,1.052,-48.462,-35.461,0.977
0.464,-0.276,1.142,-53.711,-41.260,-7.690
0.502,-0.116,1.194,-53.223,-43.396,-14.587
0.599,0.005,1.339,-50.049,-41.748,-20.752
0.693,0.046,1.590,-44.983,-37.903,-24.353
0.801,0.092,1.753,-38.086,-31.677,-26.001
0.874,0.071,1.885,-28.870,-27.954,-26.367
0.908,0.030,2.017,-18.555,-24.719,-27.222
0.957,-0.036,2.180,-9.033,-18.982,-31.372
0.991,-0.088,2.352,-0.610,-18.066,-39.001
0.983,-0.115,2.502,8.301,-25.208,-48.218
0.932,-0.123,2.566,18.066,-30.762,-59.570
0.883,-0.142,2.553,27.100,-32.593,-73.608
0.817,-0.146,2.519,37.048,-36.011,-88.440
0.728,-0.088,2.446,48.889,-43.640,-101.624
0.658,-0.035,2.375,61.829,-50.537,-113.281
0.596,0.020,2.298,72.937,-54.871,-123.657
0.527,0.067,2.203,81.299,-59.326,-132.690
0.488,0.089,2.118,88.379,-64.087,-142.151
0.417,0.139,1.982,90.820,-70.435,-151.733
0.416,0.181,1.795,87.463,-70.557,-159.363
0.385,0.224,1.571,77.393,-76.233,-161.316
0.335,0.282,1.284,61.340,-81.482,-159.546
0.253,0.352,0.980,46.204,-86.060,-156.311
0.116,0.441,0.678,41.382,-91.125,-151.855
0.028,0.397,0.399,51.147,-74.707,-152.832
-0.025,0.312,0.168,72.083,-53.589,-157.959
-0.001,0.220,0.065,97.717,-35.217,-167.297
0.029,0.139,0.130,121.643,-35.034,-173.645
0.007,0.182,0.264,129.456,-59.875,-170.959
-0.011,0.278,0.353,113.464,-84.167,-160.767
-0.078,0.400,0.340,71.838,-96.558,-141.174
-0.171,0.462,0.106,9.460,-103.210,-112.244
-0.256,0.542,-0.317,-62.805,-102.539,-79.224
-0.372,0.788,-0.714,-126.770,-92.773,-53.711
-0.631,1.018,-1.055,-148.254,-70.190,-50.659
-0.923,1.077,-1.349,-96.069,-30.273,-63.354
-0.976,0.938,-1.270,10.559,9.888,-86.365
-0.921,0.756,-0.788,108.398,47.485,-114.807
-0.798,0.772,-0.341,148.254,83.862,-136.475
-0.647,0.973,0.024,136.353,104.431,-142.212
-0.540,1.183,0.280,99.915,96.741,-127.747
-0.531,1.296,0.363,53.772,57.678,-96.863
-0.636,1.322,0.286,10.498,8.240,-59.692
-0.764,1.325,0.102,-19.165,-21.240,-27.039
-0.913,1.321,-0.071,-31.677,-24.536,-3.052
-1.005,1.281,-0.204,-25.696,-2.258,10.986
-0.968,1.176,-0.350,-4.944,30.945,16.846
-0.872,0.987,-0.248,22.034,44.983,19.409
-0.686,0.774,-0.067,45.105,44.250,21.912
-0.509,0.636,0.203,52.246,26.367,28.625
-0.423,0.521,0.436,44.006,1.526,39.734
-0.391,0.432,0.582,23.437,-20.203,54.626
-0.371,0.387,0.623,0.427,-37.720,71.350
-0.388,0.369,0.602,-20.691,-55.298,88.989
-0.436,0.349,0.550,-38.879,-69.885,106.689
-0.490,0.288,0.473,-51.819,-78.430,122.192
-0.533,0.209,0.413,-60.425,-79.407,132.568
-0.584,0.138,0.353,-64.514,-73.120,137.756
-0.612,0.085,0.365,-60.669,-61.401,136.963
-0.581,0.032,0.486,-50.110,-48.462,130.371
-0.540,0.002,0.637,-37.781,-36.865,121.948
-0.500,0.002,0.777,-27.771,-27.588,114.929
-0.425,0.011,0.898,-22.217,-21.729,109.680
-0.373,0.043,0.987,-21.606,-19.836,108.582
-0.349,0.058,1.024,-23.621,-19.592,111.206
-0.318,0.053,1.015,-26.672,-20.386,115.784
-0.313,0.022,0.969,-29.236,-21.362,121.826
-0.308,-0.034,0.928,-31.311,-19.958,127.869
-0.304,-0.087,0.900,-34.119,-15.991,132.874
-0.296,-0.134,0.889,-37.048,-9.521,135.254
-0.275,-0.165,0.877,-38.208,-2.319,134.216
-0.246,-0.173,0.880,-35.583,5.066,130.066
-0.207,-0.188,0.918,-29.663,11.780,123.718
-0.173,-0.210,0.948,-22.461,16.724,116.516
-0.151,-0.232,0.954,-16.052,19.897,109.375
-0.138,-0.226,0.941,-10.315,23.254,102.417
-0.128,-0.202,0.942,-4.822,26.794,95.886
-0.098,-0.182,0.973,-0.610,29.663,90.454
-0.058,-0.157,1.021,0.732,31.067,86.975
-0.014,-0.150,1.080,-1.465,30.273,85.510
0.024,-0.135,1.109,-7.141,28.015,86.731
0.042,-0.129,1.115,-15.320,23.071,88.989
0.056,-0.125,1.115,-25.024,17.700,90.637
0.059,-0.135,1.106,-34.241,12.085,90.942
0.055,-0.135,1.087,-40.405,6.897,90.210
0.051,-0.125,1.068,-42.908,2.441,88.135
0.048,-0.127,1.055,-43.274,-0.366,84.595
0.042,-0.122,1.039,-42.969,-2.075,80.505
0.045,-0.123,1.014,-43.091,-3.235,76.782
0.046,-0.139,1.011,-43.701,-5.920,72.815
0.034,-0.127,0.996,-45.410,-9.216,69.092
0.026,-0.083,0.972,-46.570,-7.996,65.369
0.049,-0.042,0.962,-45.837,-4.822,61.707
0.068,-0.011,0.974,-45.471,-4.395,58.228
0.075,0.009,0.974,-46.082,-6.531,55.542
0.081,0.018,0.977,-47.119,-9.949,53.223
0.076,0.023,0.966,-47.668,-13.977,50.537
0.053,0.034,0.925,-47.180,-17.151,46.326
0.022,0.051,0.883,-45.044,-18.433,40.344
-0.008,0.078,0.849,-41.260,-17.517,33.813
-0.026,0.106,0.810,-36.255,-15.076,27.710
-0.032,0.140,0.799,-29.785,-11.719,23.010
-0.020,0.159,0.817,-23.682,-7.446,20.020
-0.007,0.167,0.849,-20.447,-6.348,18.555
0.014,0.152,0.889,-19.531,-5.371,18.005
0.039,0.146,0.907,-20.691,-4.211,16.724
0.034,0.160,0.906,-22.034,-3.479,13.977
0.036,0.170,0.920,-18.921,-1.587,10.071
0.055,0.152,0.953,-12.756,1.587,5.249
-0.725,1.726,2.550,43.152,100.403,-83.069
0.103,1.242,2.914,161.011,163.330,-117.188
0.449,0.644,3.155,268.311,108.459,-69.458
0.597,0.111,2.414,225.952,46.570,-2.686
0.487,-0.323,1.636,98.328,18.677,30.273
0.432,-0.461,1.254,-14.771,2.319,39.917
0.330,-0.463,1.080,-83.191,-23.621,35.095
0.253,-0.326,0.937,-109.436,-52.979,23.926
0.253,-0.060,0.904,-103.943,-69.214,6.958
0.301,0.225,1.016,-80.505,-68.481,-10.254
0.357,0.453,1.255,-45.166,-54.382,-23.499
0.472,0.564,1.587,-5.066,-33.447,-30.518
0.582,0.571,1.934,28.809,-17.700,-31.067
0.693,0.574,2.251,51.331,-4.395,-27.832
0.778,0.496,2.510,64.209,8.728,-26.550
0.872,0.348,2.625,70.496,14.465,-26.733
0.891,0.253,2.663,74.768,16.541,-29.053
0.971,0.148,2.742,81.787,17.700,-37.537
0.990,0.086,2.858,89.539,3.052,-48.767
0.914,0.076,2.850,94.116,-21.484,-58.350
0.871,0.071,2.754,96.130,-35.522,-68.726
0.824,0.083,2.644,95.276,-47.913,-79.346
0.761,0.130,2.531,93.018,-63.904,-88.867
0.694,0.153,2.383,90.820,-77.698,-96.252
0.619,0.153,2.179,90.027,-89.783,-102.478
0.538,0.159,1.967,91.003,-98.083,-109.558
0.464,0.180,1.774,91.064,-101.685,-118.774
0.400,0.256,1.542,87.280,-103.271,-129.211
0.354,0.345,1.275,79.773,-104.187,-136.536
0.292,0.394,0.976,71.045,-101.318,-137.939
0.159,0.456,0.673,63.782,-97.595,-135.376
0.088,0.433,0.391,65.857,-83.008,-135.620
-0.006,0.332,0.182,82.703,-63.721,-141.846
-0.017,0.180,0.059,110.657,-45.593,-154.724
0.034,0.035,0.115,139.465,-40.283,-170.898
0.135,0.046,0.241,155.762,-57.312,-183.899
0.149,0.164,0.295,153.748,-83.008,-187.012
0.065,0.290,0.203,131.104,-100.220,-179.687
-0.028,0.412,0.036,93.506,-109.497,-166.870
-0.122,0.490,-0.156,53.101,-114.136,-147.278
-0.213,0.556,-0.368,13.794,-111.633,-124.146
-0.404,0.678,-0.601,-25.391,-99.060,-100.342
-0.476,0.833,-0.855,-55.969,-70.557,-85.083
-0.606,0.982,-0.895,-59.265,-35.767,-78.125
-0.763,1.059,-0.876,-34.485,3.845,-82.947
-0.883,1.080,-0.827,4.761,54.993,-93.445
-0.918,1.095,-0.790,36.072,105.896,-104.187
-0.939,1.113,-0.599,54.626,121.399,-111.145
-0.911,1.198,-0.401,65.979,95.581,-111.084
-1.013,1.348,-0.275,65.552,52.612,-100.159
-1.187,1.441,-0.305,56.213,48.157,-84.045
-1.199,1.434,-0.340,48.828,80.627,-66.711
-1.036,1.364,-0.241,43.640,97.473,-41.504
-1.041,1.289,-0.158,29.968,86.853,-6.287
-1.035,1.128,-0.138,4.578,75.134,28.564
-0.978,0.886,-0.094,-16.357,57.861,52.612
-0.922,0.725,0.020,-26.306,24.231,69.519
-0.820,0.617,0.123,-31.555,-4.028,80.994
-0.743,0.540,0.245,-35.339,-22.522,87.280
-0.667,0.490,0.334,-37.598,-36.499,89.600
-0.596,0.495,0.390,-39.185,-44.678,91.553
-0.566,0.522,0.432,-41.260,-46.387,97.107
-0.539,0.525,0.453,-44.922,-43.640,106.506
-0.515,0.515,0.458,-49.927,-41.992,117.676
-0.505,0.491,0.473,-52.063,-40.833,128.235
-0.488,0.439,0.495,-48.950,-36.560,136.292
-0.442,0.327,0.569,-41.138,-32.593,140.015
-0.397,0.228,0.685,-31.311,-30.334,140.198
-0.352,0.182,0.764,-22.827,-27.527,138.550
-0.311,0.141,0.830,-16.479,-22.583,135.010
-0.285,0.089,0.872,-12.817,-16.418,131.226
-0.278,0.045,0.907,-12.512,-11.047,128.601
-0.280,0.023,0.886,-14.832,-6.531,126.221
-0.282,0.014,0.848,-15.686,-2.563,122.864
-0.258,0.022,0.849,-12.939,1.648,118.164
-0.224,0.031,0.882,-8.057,6.470,113.831
-0.183,0.030,0.912,-3.052,11.108,111.755
-0.133,0.003,0.945,0.671,14.709,110.657
-0.089,-0.038,0.996,2.502,15.381,109.619
-0.053,-0.067,1.024,1.953,16.602,108.093
-0.027,-0.110,1.053,0.122,18.860,106.323
-0.021,-0.173,1.069,-2.136,19.348,103.394
-0.003,-0.219,1.056,-4.639,18.982,98.511
-0.012,-0.239,1.032,-6.897,15.442,93.689
-0.016,-0.230,1.004,-7.202,13.123,88.928
-0.017,-0.208,0.998,-6.348,12.146,84.412
-0.012,-0.191,0.988,-7.019,9.460,80.872
-0.008,-0.161,0.978,-9.277,6.226,78.979
0.018,-0.146,0.991,-12.878,2.502,78.430
0.032,-0.129,0.990,-19.043,-0.183,78.491
0.030,-0.099,0.988,-24.780,-1.770,78.979
0.032,-0.090,1.012,-26.611,-2.563,78.674
0.049,-0.101,1.063,-25.940,-2.991,76.782
0.063,-0.098,1.109,-25.330,-3.357,73.608
0.064,-0.081,1.128,-25.635,-4.639,70.068
0.078,-0.089,1.156,-25.940,-8.911,66.101
0.075,-0.133,1.156,-26.123,-16.846,61.646
0.041,-0.165,1.111,-28.381,-25.513,57.800
0.004,-0.158,1.014,-31.799,-25.452,54.016
-0.029,-0.119,0.926,-35.339,-21.179,49.866
-0.049,-0.097,0.887,-36.316,-16.602,44.800
-0.061,-0.084,0.873,-34.363,-11.902,38.879
-0.038,-0.037,0.877,-28.625,-6.287,31.921
-0.031,0.020,0.969,-18.921,-2.136,24.414
0.031,0.042,1.116,-8.789,-0.793,16.907
0.073,0.070,1.254,-4.456,-5.859,13.306
0.110,0.080,1.308,-7.080,-8.301,12.451
0.107,0.071,1.306,-14.709,-11.841,14.526
0.090,0.066,1.245,-23.926,-15.625,17.029
0.054,0.063,1.159,-32.288,-18.982,18.677
0.009,0.076,1.076,-38.147,-21.484,18.127
-0.025,0.094,1.011,-38.879,-18.616,15.686
-0.042,0.104,0.984,-34.119,-10.803,10.986
-0.048,0.130,1.028,-25.024,-1.465,4.822
-0.050,0.162,1.090,-13.489,10.681,-0.977
0.015,0.138,1.182,-3.662,25.330,-5.432
0.040,0.135,1.251,-0.916,24.414,-8.362
0.057,0.155,1.293,-0.793,19.653,-8.545
0.022,0.167,1.309,-0.549,12.024,-6.470
0.252,-0.059,1.675,-104.004,-38.879,14.832
0.238,0.033,1.513,-112.000,-4.333,7.629
0.135,0.079,1.440,-107.544,4.883,0.305
0.142,0.164,1.308,-91.980,20.996,-7.263
0.176,0.248,1.293,-68.481,43.762,-15.564
0.223,0.290,1.323,-42.908,55.298,-22.339
0.279,0.310,1.368,-19.348,60.242,-27.588
0.342,0.354,1.451,0.610,62.256,-32.104
0.487,0.468,1.812,17.639,57.861,-34.485
0.519,0.534,2.124,40.405,64.148,-42.419
0.588,0.570,2.289,67.505,61.279,-42.664
0.684,0.384,2.265,80.139,48.218,-33.875
0.634,0.310,2.145,67.261,30.518,-29.907
0.646,0.237,1.913,42.114,18.860,-26.062
0.655,0.124,1.584,15.564,7.568,-18.250
0.660,0.014,1.257,-3.052,2.747,-10.742
0.656,-0.103,1.083,-14.893,-1.221,-10.254
0.667,-0.141,1.085,-21.790,-4.211,-14.221
0.728,-0.115,1.207,-28.076,-8.789,-19.897
0.781,-0.024,1.469,-28.198,-12.451,-25.879
0.911,-0.006,1.799,-18.066,-12.268,-31.067
1.023,-0.034,2.119,-9.888,-11.902,-34.180
1.089,-0.084,2.426,-7.812,-11.658,-37.292
1.129,-0.127,2.764,-4.517,-14.221,-45.105
1.093,-0.150,3.017,8.118,-18.311,-58.411
1.077,-0.208,3.106,27.100,-28.748,-72.693
1.057,-0.250,3.078,38.879,-43.213,-87.646
1.017,-0.151,3.059,42.236,-61.035,-103.394
0.937,0.021,3.033,42.603,-82.825,-116.516
0.861,0.165,2.938,44.617,-101.257,-126.221
0.819,0.270,2.767,47.607,-115.417,-131.592
0.711,0.369,2.543,49.011,-132.019,-132.690
0.660,0.448,2.258,50.781,-140.686,-132.446
0.536,0.497,1.991,52.429,-154.236,-130.554
0.456,0.514,1.639,51.819,-164.429,-128.418
0.371,0.516,1.265,47.668,-169.861,-123.901
0.274,0.455,0.915,37.842,-173.401,-114.868
0.072,0.453,0.537,25.085,-163.940,-102.295
-0.064,0.385,0.227,16.235,-138.672,-91.675
-0.143,0.374,-0.006,13.428,-105.103,-86.975
-0.245,0.397,-0.218,22.949,-71.045,-92.529
-0.220,0.352,-0.399,57.068,-46.875,-110.596
-0.237,0.264,-0.390,117.004,-43.030,-135.803
-0.225,0.178,-0.216,181.274,-57.617,-162.109
-0.157,0.174,-0.037,225.830,-53.528,-179.260
-0.044,0.258,0.149,233.704,-43.701,-183.838
0.076,0.416,0.293,207.886,-45.105,-173.096
0.105,0.493,0.384,154.907,-52.734,-146.851
0.136,0.546,0.372,82.275,-62.988,-111.084
-0.025,0.694,0.229,9.583,-81.421,-75.928
-0.210,0.733,-0.046,-30.273,-85.693,-57.068
-0.495,0.706,-0.363,-29.297,-77.881,-49.011
-0.709,0.681,-0.655,-13.733,-52.185,-54.871
-0.890,0.693,-0.809,3.113,-13.550,-65.063
-0.956,0.716,-0.882,15.503,23.682,-77.759
-0.981,0.733,-0.787,25.818,37.720,-86.792
-0.964,0.756,-0.545,35.339,32.532,-88.867
-0.942,0.914,-0.325,34.119,29.663,-81.970
-1.022,1.130,-0.277,21.545,41.199,-67.627
-1.056,1.244,-0.279,14.648,61.340,-47.852
-1.059,1.231,-0.241,15.076,72.876,-22.278
-1.134,1.112,-0.203,14.526,69.397,5.554
-1.119,0.891,-0.215,8.606,68.665,25.635
-1.056,0.671,-0.110,3.967,56.641,29.358
-0.913,0.543,0.113,10.376,24.658,26.489
-0.747,0.469,0.316,16.418,-3.967,27.649
-0.627,0.427,0.469,11.719,-21.362,34.973
-0.562,0.377,0.554,0.488,-30.701,47.302
-0.544,0.346,0.589,-11.963,-38.818,62.256
-0.532,0.347,0.588,-24.841,-45.593,77.515
-0.547,0.338,0.537,-37.537,-48.889,93.567
-0.581,0.278,0.496,-47.852,-50.049,108.521
-0.618,0.206,0.457,-53.650,-49.805,118.774
-0.620,0.155,0.455,-53.406,-46.814,121.765
-0.588,0.100,0.511,-47.424,-41.199,119.202
-0.561,0.067,0.579,-39.551,-34.668,112.976
-0.526,0.052,0.612,-32.227,-25.391,106.201
-0.474,0.025,0.672,-25.757,-16.907,100.586
-0.415,0.010,0.739,-21.545,-10.559,97.412
-0.397,0.008,0.767,-20.142,-5.737,98.083
-0.381,0.017,0.790,-19.958,-3.113,100.830
-0.359,0.021,0.836,-19.897,-1.953,104.126
-0.350,0.009,0.856,-20.020,0.366,107.056
-0.331,-0.000,0.890,-17.456,3.357,108.521
-0.291,-0.035,0.945,-13.794,5.798,108.521
-0.246,-0.073,0.970,-12.146,8.850,108.398
-0.211,-0.094,0.969,-12.390,12.390,107.727
-0.179,-0.140,0.979,-11.108,16.174,105.530
-0.143,-0.193,0.997,-8.240,19.104,101.929
-0.111,-0.203,1.016,-4.272,20.935,98.145
-0.074,-0.198,1.040,-0.427,21.790,95.215
-0.029,-0.206,1.076,1.099,21.423,93.018
0.011,-0.203,1.119,-0.610,18.616,91.187
0.057,-0.218,1.145,-4.272,14.038,91.187
0.078,-0.251,1.120,-11.108,6.897,93.079
0.052,-0.249,1.055,-22.217,-2.258,95.337
0.014,-0.241,0.983,-33.875,-10.498,96.191
-0.027,-0.214,0.902,-44.128,-15.869,95.825
-0.063,-0.183,0.823,-51.392,-16.357,94.177
-0.078,-0.129,0.786,-53.650,-13.794,90.271
-0.056,-0.087,0.797,-50.476,-9.644,85.083
-0.011,-0.053,0.851,-44.617,-4.517,79.468
0.026,-0.027,0.906,-39.856,0.427,74.402
0.072,-0.029,0.973,-36.011,4.333,69.641
0.120,-0.056,1.030,-33.325,5.188,64.880
0.144,-0.086,1.047,-32.593,3.418,60.730
0.151,-0.104,1.020,-34.302,1.099,56.946
0.137,-0.104,0.999,-36.804,-1.221,52.551
0.139,-0.098,0.984,-37.598,-4.150,47.424
0.130,-0.106,0.967,-38.025,-9.216,42.297
0.097,-0.086,0.912,-39.673,-13.062,37.415
0.045,-0.031,0.828,-40.222,-13.550,33.142
0.023,0.005,0.780,-39.307,-11.841,29.968
-0.009,0.009,0.769,-38.696,-10.498,27.527
-0.019,0.042,0.771,-38.818,-6.836,24.231
0.002,0.086,0.796,-36.621,-0.549,19.470
0.024,0.112,0.858,-31.311,2.380,15.320
0.076,0.116,0.959,-25.513,2.625,12.268
0.109,0.115,1.046,-21.973,2.075,9.583
0.150,0.630,2.334,108.093,95.642,-53.528
0.405,0.328,2.254,134.460,75.745,-38.025
0.480,0.083,1.748,104.370,38.452,-8.057
0.472,-0.166,1.268,44.189,15.686,11.658
0.499,-0.298,1.000,-7.751,2.808,18.677
0.470,-0.308,0.931,-40.100,-9.033,16.968
0.496,-0.267,0.967,-49.988,-19.409,9.583
0.565,-0.213,1.100,-45.105,-26.978,0.183
0.643,-0.136,1.234,-38.269,-30.457,-8.911
0.695,-0.030,1.380,-27.710,-29.724,-18.005
0.741,-0.011,1.530,-11.047,-26.489,-26.855
0.813,-0.041,1.719,6.592,-19.775,-35.278
0.890,-0.089,1.954,19.226,-14.954,-43.152
0.961,-0.103,2.221,25.269,-14.587,-49.561
1.012,-0.058,2.507,27.771,-14.526,-57.556
1.035,-0.028,2.734,32.349,-18.738,-66.772
1.019,-0.073,2.805,39.063,-30.518,-73.730
0.963,-0.078,2.730,41.748,-44.800,-81.482
0.916,-0.023,2.654,42.908,-59.631,-92.102
0.807,0.075,2.580,44.800,-77.881,-103.271
0.715,0.172,2.436,47.852,-93.384,-113.281
0.628,0.250,2.283,52.429,-105.530,-121.399
0.524,0.325,2.127,57.495,-117.493,-128.174
0.448,0.387,1.957,60.303,-126.221,-133.423
0.398,0.451,1.780,59.998,-131.897,-136.963
0.327,0.478,1.555,56.274,-136.414,-137.878
0.239,0.469,1.349,51.331,-131.287,-135.620
0.183,0.452,1.121,42.847,-127.258,-131.165
0.117,0.413,0.862,34.607,-124.207,-124.817
0.036,0.412,0.561,27.161,-120.239,-117.065
-0.077,0.417,0.289,24.902,-101.013,-113.220
-0.175,0.456,0.106,30.090,-73.608,-114.502
-0.230,0.383,-0.029,50.415,-45.044,-122.375
-0.232,0.203,-0.110,82.886,-27.527,-134.216
-0.200,0.057,-0.082,112.915,-30.884,-149.719
-0.214,0.029,0.016,132.629,-48.767,-162.109
-0.222,0.078,0.084,137.451,-66.650,-167.419
-0.169,0.155,0.119,123.718,-71.411,-165.649
-0.149,0.299,0.099,92.163,-74.341,-155.029
-0.092,0.546,0.011,46.570,-78.125,-135.681
-0.156,0.769,-0.081,-0.305,-78.369,-111.877
-0.276,0.898,-0.207,-31.860,-70.801,-90.576
-0.458,0.942,-0.341,-38.208,-53.894,-75.989
-0.608,0.890,-0.442,-22.217,-36.377,-72.266
-0.720,0.829,-0.462,2.686,-12.695,-76.721
-0.784,0.834,-0.357,22.156,9.033,-84.717
-0.748,0.920,-0.184,29.297,24.292,-90.881
-0.707,1.029,-0.038,24.963,23.743,-88.379
-0.726,1.128,0.011,12.268,6.409,-76.904
-0.815,1.205,0.018,0.854,-15.503,-60.547
-0.938,1.280,-0.037,-4.150,-22.522,-43.823
-1.055,1.309,-0.114,-2.625,-9.033,-28.381
-1.111,1.275,-0.210,3.906,18.250,-14.648
-1.115,1.168,-0.237,13.062,38.940,-2.502
-1.067,1.010,-0.151,21.545,38.940,10.132
-1.011,0.840,-0.031,24.536,27.344,22.949
-0.924,0.679,0.110,22.156,16.907,32.837
-0.824,0.564,0.276,17.151,3.113,39.551
-0.707,0.525,0.404,9.705,-11.047,46.753
-0.640,0.522,0.488,0.305,-23.132,57.190
-0.614,0.517,0.530,-9.705,-32.104,70.068
-0.598,0.521,0.544,-20.691,-37.109,84.473
-0.607,0.498,0.549,-31.311,-37.598,99.121
-0.629,0.424,0.563,-39.001,-35.400,112.061
-0.631,0.336,0.586,-42.419,-30.884,120.789
-0.627,0.266,0.618,-42.969,-24.414,124.573
-0.608,0.200,0.674,-39.368,-16.968,123.779
-0.571,0.147,0.751,-31.311,-10.681,119.507
-0.533,0.124,0.827,-21.179,-5.188,112.488
-0.493,0.124,0.915,-11.780,-0.916,105.164
-0.430,0.148,1.007,-6.104,2.319,99.854
-0.378,0.161,1.076,-4.822,3.357,98.145
-0.346,0.175,1.097,-7.507,2.869,101.074
-0.335,0.181,1.071,-11.902,1.526,107.117
-0.333,0.158,1.025,-15.808,1.587,114.685
-0.324,0.109,0.982,-17.944,3.601,121.033
-0.310,0.051,0.958,-18.860,7.385,124.268
-0.278,-0.005,0.961,-17.212,11.292,123.596
-0.234,-0.032,0.965,-14.038,14.343,119.995
-0.195,-0.048,0.969,-10.071,15.869,114.441
-0.170,-0.069,0.957,-6.775,15.137,108.521
-0.158,-0.086,0.933,-5.310,12.207,103.394
-0.143,-0.081,0.901,-5.676,7.446,99.915
-0.152,-0.082,0.852,-8.728,2.014,98.999
-0.177,-0.082,0.788,-15.076,-2.319,100.403
-0.204,-0.079,0.722,-22.461,-4.333,102.051
-0.231,-0.060,0.666,-27.161,-3.479,101.807
-0.212,-0.035,0.667,-26.367,0.427,99.182
-0.160,-0.019,0.720,-21.973,6.226,94.727
-0.093,-0.024,0.779,-18.066,10.681,90.149
-0.036,-0.038,0.821,-16.357,12.085,86.975
0.008,-0.056,0.836,-18.188,9.399,84.900
0.025,-0.059,0.832,-22.888,3.784,82.703
0.027,-0.044,0.828,-29.541,-1.709,79.956
0.019,-0.013,0.805,-37.109,-6.348,77.026
-0.026,0.014,0.741,-43.945,-9.766,74.890
-0.059,0.025,0.682,-46.997,-9.460,72.632
-0.072,0.033,0.646,-46.631,-6.531,69.519
-0.070,0.026,0.649,-43.091,-2.319,65.552
-0.055,-0.000,0.669,-39.490,1.587,61.951
-0.041,-0.052,0.693,-39.429,2.991,58.350
-0.050,-0.073,0.661,-45.227,3.601,55.603
-0.061,-0.084,0.611,-53.467,6.226,52.185
-0.084,-0.086,0.596,-59.814,8.789,45.837
-0.100,-0.069,0.602,-61.279,14.038,36.255
-0.100,-0.023,0.640,-55.542,21.667,24.231
-0.060,-0.001,0.727,-46.082,28.992,10.925
0.011,0.023,0.822,-39.246,32.410,-1.099
0.057,0.074,0.908,-37.292,31.616,-9.338
0.082,0.145,0.958,-38.757,26.855,-12.634
0.095,0.185,0.952,-42.114,23.621,-11.108
0.071,0.175,0.935,-46.143,21.301,-6.836
0.051,0.163,0.907,-49.561,20.630,-4.272
0.015,0.144,0.881,-50.049,22.705,-3.967
-0.016,0.176,0.867,-45.959,28.809,-6.348
0.008,0.181,0.899,-34.729,42.114,-12.024
0.056,0.188,0.991,-19.714,49.377,-18.555
0.085,0.200,1.094,-4.822,50.354,-23.743
0.088,0.202,1.206,8.362,48.157,-28.198
0.040,1.599,3.536,106.079,153.442,-140.564
0.691,0.650,3.736,268.799,113.831,-105.530
0.829,0.158,2.670,258.423,36.804,-13.611
0.774,-0.331,1.811,140.381,-1.648,28.564
0.655,-0.525,1.348,5.188,-17.883,39.429
0.512,-0.578,1.138,-93.933,-38.940,39.368
0.426,-0.545,0.898,-138.306,-59.875,31.616
0.405,-0.354,0.790,-140.930,-81.360,16.357
0.430,-0.057,0.912,-116.150,-90.393,-3.784
0.485,0.191,1.105,-77.515,-76.965,-21.423
0.560,0.316,1.279,-35.950,-53.345,-32.532
0.694,0.332,1.538,4.578,-27.710,-36.804
0.817,0.309,1.862,32.410,-10.315,-38.757
0.898,0.247,2.108,45.715,-3.845,-40.039
0.969,0.134,2.238,50.903,-2.380,-41.809
0.998,0.038,2.287,51.575,-2.319,-47.974
0.991,0.001,2.314,49.011,-7.812,-58.716
1.020,0.022,2.306,45.837,-19.470,-72.327
0.996,0.088,2.309,44.189,-38.940,-86.365
0.893,0.194,2.226,46.143,-63.416,-96.313
0.855,0.290,2.146,52.795,-70.740,-105.164
0.776,0.311,2.086,58.167,-80.383,-112.976
0.684,0.350,1.962,60.120,-91.125,-119.934
0.595,0.400,1.862,62.683,-97.900,-126.282
0.510,0.415,1.730,66.833,-101.013,-132.202
0.434,0.385,1.567,73.486,-101.196,-138.855
0.371,0.332,1.417,81.482,-101.746,-146.118
0.303,0.284,1.269,89.539,-101.501,-153.992
0.276,0.231,1.148,94.116,-96.375,-161.926
0.183,0.205,1.006,93.201,-93.811,-169.800
0.125,0.198,0.820,90.820,-90.698,-176.453
-0.004,0.234,0.643,85.938,-94.421,-179.932
-0.091,0.293,0.464,76.416,-91.675,-182.068
-0.129,0.358,0.293,63.965,-80.322,-182.068
-0.168,0.415,0.197,49.927,-82.886,-178.406
-0.162,0.502,0.120,38.940,-96.252,-172.241
-0.214,0.573,0.118,29.785,-118.774,-163.879
-0.262,0.668,0.032,20.264,-133.484,-153.259
-0.354,0.786,-0.142,10.864,-139.221,-140.381
-0.528,0.865,-0.379,6.104,-136.658,-130.188
-0.673,0.946,-0.640,9.644,-116.394,-122.192
-0.869,0.978,-0.761,21.118,-86.060,-115.723
-0.930,0.988,-0.751,36.377,-46.204,-114.746
-0.913,1.013,-0.560,50.964,-7.202,-114.868
-0.806,1.156,-0.330,55.176,21.851,-110.901
-0.727,1.362,-0.132,47.791,44.312,-100.647
-0.713,1.502,-0.049,39.612,51.880,-85.510
-0.748,1.454,-0.018,38.940,37.903,-67.200
-0.822,1.302,0.014,40.894,4.639,-48.401
-0.902,1.187,0.016,36.682,-23.804,-31.982
-0.944,1.140,-0.035,26.611,-28.076,-19.409
-0.974,1.185,-0.114,17.456,-10.620,-7.751
-0.967,1.176,-0.155,15.503,14.648,3.784
-0.874,1.057,-0.121,20.935,32.837,15.381
-0.775,0.894,0.020,28.381,36.011,28.442
-0.683,0.726,0.168,31.372,31.433,42.419
-0.589,0.569,0.283,26.062,26.062,54.260
-0.508,0.463,0.396,15.991,16.296,62.805
-0.463,0.396,0.455,5.676,4.944,69.641
-0.439,0.345,0.492,-2.563,-6.714,76.233
-0.450,0.321,0.506,-10.864,-17.822,81.970
-0.487,0.329,0.477,-21.362,-25.635,87.280
-0.539,0.385,0.411,-31.860,-29.114,93.201
-0.584,0.435,0.377,-39.063,-27.405,100.647
-0.609,0.461,0.381,-42.175,-20.935,109.497
-0.607,0.449,0.415,-42.175,-11.414,117.310
-0.581,0.414,0.484,-38.086,-2.075,122.009
-0.539,0.359,0.571,-28.992,7.874,123.474
-0.471,0.297,0.691,-16.174,16.418,122.681
-0.380,0.233,0.832,-5.249,20.935,121.643
-0.297,0.175,0.948,-2.441,23.193,122.986
-0.245,0.138,0.998,-7.507,22.827,126.404
-0.228,0.117,0.992,-16.418,20.874,130.310
-0.232,0.101,0.949,-23.682,19.958,133.301
-0.250,0.101,0.894,-25.574,20.142,134.033
-0.249,0.108,0.862,-21.912,22.644,132.446
-0.228,0.104,0.874,-14.587,27.039,128.845
-0.185,0.109,0.893,-7.080,32.532,125.549
-0.136,0.110,0.917,-1.160,36.865,123.474
-0.088,0.081,0.947,2.930,39.734,122.314
-0.045,0.036,0.968,4.578,41.504,121.887
-0.001,-0.011,0.986,3.906,40.466,121.582
0.023,-0.053,0.974,0.061,36.926,121.704
0.032,-0.090,0.932,-5.371,32.593,122.009
0.037,-0.115,0.887,-10.742,27.283,121.399
0.066,-0.126,0.842,-15.747,22.766,119.141
0.056,-0.138,0.790,-20.203,17.517,116.577
0.042,-0.138,0.727,-23.071,14.038,113.892
0.052,-0.159,0.708,-23.682,12.695,109.741
0.074,-0.167,0.710,-22.522,11.780,103.760
0.073,-0.158,0.732,-20.264,10.803,97.229
0.103,-0.152,0.771,-18.188,9.277,90.698
0.121,-0.174,0.833,-19.287,2.808,85.449
0.121,-0.173,0.871,-26.062,-3.479,82.764
0.106,-0.161,0.843,-37.476,-5.798,82.520
0.059,-0.143,0.745,-50.781,-8.057,82.764
0.007,-0.107,0.666,-59.082,-8.789,81.726
-0.011,-0.111,0.653,-59.753,-6.409,77.759
-0.008,-0.111,0.666,-55.481,-1.282,71.045
0.021,-0.101,0.707,-47.058,2.319,63.354
0.005,-0.086,0.813,-37.048,2.258,55.542
0.071,-0.112,0.914,-28.320,9.216,46.387
0.112,-0.120,0.998,-24.536,18.127,38.147
0.132,-0.070,1.035,-24.963,21.729,33.203
0.152,-0.021,1.092,-24.963,23.315,29.358
0.181,0.008,1.172,-24.292,22.705,25.513
0.203,0.021,1.265,-24.658,20.508,22.156
0.207,0.038,1.337,-26.489,18.860,18.738
0.201,0.074,1.364,-27.649,19.836,14.648
0.179,0.121,1.374,-26.306,18.921,10.376
0.162,0.165,1.409,-23.865,15.320,7.202
0.154,0.222,1.434,-23.560,13.184,6.042
0.145,0.272,1.436,-25.146,14.771,6.897
0.146,0.298,1.411,-27.344,18.616,8.423
0.132,0.299,1.410,-27.588,19.226,9.705
0.126,0.280,1.423,-25.208,18.494,10.864
0.125,0.260,1.442,-20.996,17.822,10.986
0.119,0.237,1.431,-17.151,17.334,10.498
0.107,0.203,1.402,-14.038,16.357,9.460
-0.336,1.302,2.636,50.842,113.403,-105.164
0.357,0.748,2.842,149.292,140.869,-122.742
0.605,0.429,2.591,210.510,106.018,-79.224
0.674,0.039,2.077,185.059,62.317,-35.461
0.637,-0.226,1.752,108.948,39.001,-10.803
0.549,-0.283,1.610,29.785,31.311,-0.671
0.518,-0.243,1.630,-18.799,19.165,0.732
0.546,-0.199,1.682,-31.555,7.690,-3.723
0.593,-0.098,1.857,-25.330,1.465,-11.658
0.658,0.014,2.067,-10.193,0.916,-23.376
0.735,0.075,2.383,19.104,7.141,-32.959
0.786,0.060,2.693,53.650,10.986,-38.452
0.820,-0.054,2.814,73.975,3.479,-37.964
0.807,-0.176,2.733,67.566,-8.667,-35.278
0.721,-0.177,2.592,45.837,-19.958,-37.231
0.676,-0.132,2.550,29.419,-24.353,-45.654
0.599,-0.030,2.532,24.658,-40.283,-56.641
0.501,0.055,2.436,34.119,-62.256,-66.772
0.412,0.151,2.275,50.842,-72.998,-76.599
0.359,0.229,2.109,66.162,-73.669,-86.731
0.309,0.306,1.948,77.026,-74.707,-95.032
0.250,0.370,1.756,84.351,-80.017,-99.304
0.227,0.377,1.545,90.149,-81.604,-100.708
0.216,0.350,1.347,93.872,-78.369,-100.159
0.227,0.286,1.168,95.520,-78.796,-99.121
0.245,0.247,1.002,91.858,-82.458,-97.839
0.273,0.212,0.815,84.229,-81.482,-98.389
0.286,0.215,0.590,76.477,-78.064,-100.708
0.231,0.203,0.363,77.393,-74.402,-104.065
0.171,0.151,0.116,89.722,-61.768,-109.802
0.096,0.075,-0.079,107.239,-46.814,-118.896
0.092,0.039,-0.173,123.047,-34.424,-131.409
0.177,-0.038,-0.101,136.047,-24.841,-146.179
0.234,-0.066,0.053,139.343,-25.391,-157.593
0.316,-0.010,0.194,132.263,-31.799,-165.222
0.361,0.022,0.285,119.995,-41.077,-169.189
0.369,0.114,0.309,100.159,-54.810,-168.396
0.347,0.287,0.241,73.730,-71.716,-162.842
0.186,0.376,0.158,47.546,-90.759,-150.085
0.089,0.447,0.026,20.569,-104.614,-135.437
-0.003,0.547,-0.020,-5.981,-109.375,-120.911
-0.056,0.621,-0.005,-28.503,-115.906,-106.506
-0.157,0.664,-0.045,-44.861,-116.150,-91.553
-0.275,0.675,-0.114,-54.749,-111.572,-77.637
-0.416,0.749,-0.210,-63.782,-102.417,-66.345
-0.568,0.865,-0.323,-72.021,-85.754,-59.204
-0.711,0.993,-0.367,-71.960,-68.604,-54.932
-0.824,1.101,-0.344,-59.448,-58.350,-52.612
-0.886,1.173,-0.231,-37.231,-60.181,-50.476
-0.914,1.177,-0.091,-14.282,-65.369,-44.800
-0.952,1.122,0.027,-0.427,-65.857,-34.302
-1.009,1.075,0.022,0.854,-58.044,-18.860
-1.078,1.022,-0.041,-7.751,-41.931,-0.366
-1.141,0.953,-0.091,-20.386,-21.179,20.203
-1.135,0.794,-0.089,-29.114,-6.042,39.978
-1.113,0.619,-0.021,-31.433,-4.456,57.617
-1.083,0.479,0.048,-31.799,-7.996,71.167
-1.031,0.370,0.119,-32.776,-7.324,78.369
-0.966,0.305,0.191,-33.936,-3.296,80.872
-0.909,0.276,0.257,-33.813,1.343,80.811
-0.859,0.258,0.313,-32.043,4.883,80.078
-0.821,0.276,0.338,-30.884,8.728,80.139
-0.788,0.305,0.339,-31.372,14.587,81.726
-0.733,0.327,0.367,-30.090,22.156,84.290
-0.653,0.317,0.439,-26.306,29.724,88.501
-0.581,0.274,0.525,-22.339,35.950,94.238
-0.518,0.227,0.599,-19.897,40.588,99.487
-0.452,0.194,0.681,-18.616,43.823,103.394
-0.380,0.161,0.767,-17.944,44.861,106.750
-0.330,0.125,0.828,-18.005,42.969,110.046
-0.295,0.098,0.842,-19.348,39.612,112.854
-0.287,0.078,0.824,-21.484,36.987,114.746
-0.282,0.042,0.802,-21.362,37.170,115.234
-0.269,-0.002,0.813,-18.738,37.598,114.258
-0.241,-0.019,0.838,-15.869,37.476,111.816
-0.188,-0.017,0.854,-15.381,36.560,109.680
-0.161,-0.016,0.851,-17.822,35.583,109.619
-0.130,-0.015,0.845,-19.836,35.400,111.206
-0.100,-0.037,0.864,-20.142,34.912,113.098
-0.071,-0.094,0.884,-19.043,34.241,114.319
-0.037,-0.153,0.883,-18.311,33.264,114.685
-0.011,-0.185,0.884,-18.677,32.104,113.037
0.020,-0.207,0.906,-19.958,30.273,109.009
0.048,-0.211,0.922,-21.790,26.855,103.699
0.070,-0.186,0.919,-23.804,21.667,97.839
0.065,-0.167,0.901,-24.170,16.479,91.431
0.064,-0.164,0.882,-22.949,12.695,85.449
0.072,-0.166,0.876,-21.667,9.277,80.261
0.083,-0.162,0.876,-22.034,5.859,76.233
0.087,-0.164,0.871,-25.024,2.319,73.792
0.077,-0.174,0.854,-31.738,-1.465,72.632
0.053,-0.170,0.823,-40.649,-4.456,72.205
0.041,-0.150,0.799,-49.011,-5.615,71.472
0.029,-0.135,0.795,-53.528,-4.395,67.871
0.025,-0.116,0.809,-52.917,-1.953,61.462
0.052,-0.085,0.857,-47.607,0.793,53.528
0.099,-0.065,0.930,-40.771,1.282,46.509
0.142,-0.053,0.990,-36.743,0.122,41.321
0.164,-0.050,1.014,-36.865,-2.625,38.086
0.175,-0.053,1.011,-40.039,-6.592,36.438
0.148,-0.066,0.979,-44.678,-10.742,34.363
0.092,-0.064,0.931,-47.607,-13.062,30.151
0.033,-0.006,0.877,-44.373,-8.057,23.865
0.007,0.018,0.862,-34.668,1.892,15.991
0.011,0.022,0.918,-21.790,13.367,6.836
0.056,-0.005,1.015,-9.338,22.522,-0.916
0.098,-0.017,1.107,-2.625,28.198,-5.554
0.143,-0.021,1.215,-1.465,27.954,-7.935
0.189,-0.042,1.323,-6.836,19.653,-7.568
0.190,-0.065,1.390,-20.264,6.897,-4.761
0.160,-0.056,1.363,-39.612,-1.892,-2.075
0.097,0.000,1.250,-57.251,-4.333,0.061
0.049,0.047,1.195,-63.843,-8.362,-0.549
-0.002,0.105,1.186,-59.326,-14.099,-3.601
-0.055,0.187,1.244,-47.241,-12.756,-8.850
-0.035,0.213,1.308,-30.396,-4.150,-15.198
-0.012,0.219,1.400,-15.259,4.272,-19.714
-0.006,0.212,1.489,-6.592,9.033,-21.912
0.003,0.214,1.532,-3.052,14.099,-22.705
0.152,0.580,1.887,-82.520,0.671,-21.606
0.200,0.567,1.765,-78.918,-0.427,-17.639
0.169,0.575,1.694,-71.777,10.498,-16.235
0.233,0.527,1.727,-59.937,24.719,-15.503
0.248,0.661,1.907,-36.804,41.138,-24.719
0.282,0.664,2.052,5.798,61.279,-41.077
0.367,0.736,2.361,56.213,66.833,-44.189
0.543,0.554,2.504,93.445,68.298,-43.030
0.681,0.366,2.589,101.074,49.133,-34.851
0.791,0.231,2.453,72.449,22.705,-17.578
0.826,0.148,2.200,24.536,5.432,1.282
0.853,0.044,2.058,-15.808,-5.859,13.123
0.842,-0.010,2.071,-37.598,-15.625,16.785
0.873,-0.016,2.114,-36.438,-17.761,9.583
0.907,-0.107,2.098,-20.386,-21.362,-4.333
0.923,-0.120,2.171,0.244,-24.048,-20.935
0.912,-0.015,2.319,28.137,-20.691,-43.518
0.901,0.065,2.443,62.805,-20.691,-66.223
0.931,0.000,2.453,92.712,-28.381,-80.688
0.955,-0.075,2.382,103.760,-37.842,-90.576
0.927,-0.082,2.380,102.234,-51.147,-100.464
0.888,-0.030,2.335,99.121,-65.063,-110.413
0.854,0.014,2.241,97.900,-74.646,-120.117
0.808,0.034,2.137,96.008,-90.759,-128.052
0.756,0.068,1.986,92.041,-108.276,-135.071
0.694,0.094,1.825,85.693,-120.483,-142.456
0.619,0.137,1.619,76.660,-137.329,-149.231
0.555,0.172,1.359,67.261,-150.391,-154.236
0.504,0.231,1.073,57.251,-162.048,-157.043
0.374,0.311,0.766,48.035,-167.114,-158.936
0.315,0.375,0.463,44.189,-157.654,-161.316
0.173,0.485,0.241,47.791,-150.940,-163.147
0.009,0.508,0.065,62.256,-132.568,-165.894
-0.086,0.506,-0.064,84.473,-105.286,-171.082
-0.073,0.394,-0.111,109.314,-83.313,-177.368
-0.080,0.343,-0.160,125.000,-82.275,-179.077
-0.048,0.314,-0.125,125.671,-97.839,-174.011
0.007,0.375,-0.011,109.802,-121.521,-163.635
0.047,0.426,0.055,82.275,-136.108,-149.231
-0.018,0.471,0.029,48.767,-150.269,-131.470
-0.100,0.537,-0.133,15.320,-160.522,-115.417
-0.246,0.641,-0.350,-10.376,-159.790,-100.403
-0.537,0.785,-0.611,-30.579,-144.531,-87.158
-0.789,0.936,-0.851,-41.992,-108.215,-76.721
-0.965,1.054,-0.904,-40.710,-67.932,-69.397
-1.046,1.164,-0.809,-33.325,-31.311,-63.538
-1.083,1.295,-0.675,-28.503,-2.991,-56.580
-1.053,1.424,-0.514,-25.513,14.893,-49.683
-1.003,1.472,-0.303,-16.602,10.376,-42.114
-0.979,1.418,-0.080,-4.333,-12.756,-31.921
-0.999,1.345,0.006,0.061,-31.067,-20.264
-1.051,1.308,-0.020,-4.456,-31.677,-6.836
-1.096,1.277,-0.085,-12.756,-20.630,8.972
-1.115,1.218,-0.130,-20.142,-4.639,26.794
-1.091,1.097,-0.120,-23.071,9.888,44.006
-1.032,0.920,-0.036,-20.447,20.020,58.960
-0.946,0.754,0.098,-15.686,27.405,69.275
-0.858,0.603,0.230,-12.085,31.860,74.280
-0.783,0.487,0.347,-9.338,31.738,75.806
-0.717,0.414,0.431,-7.812,27.527,75.745
-0.674,0.377,0.492,-8.484,23.315,76.111
-0.637,0.367,0.539,-11.780,19.592,77.698
-0.603,0.380,0.583,-17.151,16.968,81.482
-0.562,0.403,0.630,-22.522,15.991,87.280
-0.524,0.406,0.682,-27.588,16.785,94.543
-0.482,0.398,0.741,-31.250,18.860,102.844
-0.450,0.375,0.786,-34.546,20.569,111.389
-0.442,0.322,0.811,-36.194,22.278,118.896
-0.435,0.251,0.836,-36.011,24.658,123.596
-0.411,0.200,0.863,-34.851,27.283,125.610
-0.388,0.174,0.887,-33.875,29.724,124.756
-0.367,0.161,0.889,-32.959,31.311,122.986
-0.359,0.169,0.874,-31.982,33.020,120.789
-0.338,0.187,0.868,-28.809,35.828,118.408
-0.293,0.202,0.883,-23.987,37.842,116.943
-0.245,0.200,0.892,-19.409,39.612,116.150
-0.200,0.197,0.881,-15.137,41.748,116.577
-0.161,0.182,0.859,-11.047,44.006,118.042
-0.131,0.155,0.835,-7.080,46.570,118.896
-0.084,0.107,0.834,-2.197,48.523,118.958
-0.031,0.046,0.846,1.953,49.072,118.286
-0.001,-0.009,0.832,3.418,48.706,116.455
0.006,-0.059,0.780,2.258,47.546,113.770
0.008,-0.086,0.702,1.221,45.288,109.680
0.002,-0.109,0.617,1.587,43.274,104.248
-0.001,-0.123,0.556,3.174,42.603,98.511
0.007,-0.126,0.530,3.601,41.992,93.201
0.051,-0.148,0.546,1.099,40.527,90.515
0.075,-0.160,0.544,-6.226,39.307,90.576
0.086,-0.159,0.527,-16.418,38.025,91.248
0.086,-0.166,0.539,-24.353,37.537,90.271
0.088,-0.158,0.573,-28.015,39.368,86.182
0.125,-0.164,0.628,-27.283,42.908,79.407
0.162,-0.160,0.715,-23.743,44.312,70.374
0.202,-0.142,0.810,-19.043,42.236,60.852
0.230,-0.142,0.884,-13.977,42.175,53.467
0.242,-0.181,0.936,-11.963,42.297,48.340
0.240,-0.206,0.942,-15.198,39.185,44.006
0.239,-0.207,0.916,-21.423,32.654,40.894
0.213,-0.179,0.861,-30.701,26.123,38.940
0.163,-0.129,0.815,-38.940,24.414,36.682
0.153,-0.087,0.838,-41.199,27.649,32.654
0.164,-0.057,0.928,-38.330,31.006,27.100
0.234,-0.024,1.034,-33.508,34.790,21.362
0.305,-0.012,1.143,-26.672,39.368,16.846
0.326,-0.015,1.257,-20.752,33.325,13.794
0.339,-0.026,1.343,-17.151,24.841,10.437
0.331,-0.040,1.418,-17.090,18.616,5.737
0.316,-0.036,1.460,-20.081,17.639,1.099
0.299,-0.009,1.467,-25.330,17.090,-2.625
0.261,0.058,1.479,-30.334,13.794,-4.089
0.245,0.131,1.480,-33.142,13.184,-4.700
0.233,0.174,1.493,-34.973,11.719,-4.211
0.211,0.206,1.479,-36.682,8.057,-2.747
0.175,0.233,1.443,-36.987,6.165,-1.099
0.143,0.248,1.428,-32.776,6.409,-0.549
0.134,0.240,1.459,-24.658,7.202,-1.587
0.131,0.219,1.492,-15.808,7.996,-3.235
0.125,0.195,1.508,-8.301,9.033,-5.127
-0.013,1.152,2.547,74.951,60.852,-60.791
0.328,0.827,2.865,130.188,57.617,-58.105
0.636,0.592,2.704,127.380,11.719,-14.893
0.737,0.365,2.213,57.861,-11.658,29.541
0.668,0.181,1.858,-23.132,-28.992,56.458
0.633,0.053,1.754,-69.641,-45.715,66.772
0.608,-0.009,1.644,-78.125,-59.021,64.209
0.611,-0.017,1.558,-65.002,-66.345,51.086
0.577,0.043,1.568,-42.175,-61.157,30.518
0.657,0.177,1.710,-14.038,-46.631,7.935
0.707,0.333,1.922,17.700,-28.564,-15.625
0.775,0.378,2.100,52.979,-22.583,-32.654
0.848,0.301,2.154,81.726,-21.790,-41.687
0.899,0.200,2.147,95.154,-18.799,-48.828
0.890,0.145,2.149,95.825,-18.921,-56.091
0.885,0.110,2.094,91.553,-23.865,-63.293
0.856,0.093,2.002,86.670,-33.081,-70.374
0.782,0.077,1.862,82.031,-42.664,-77.271
0.759,0.048,1.716,78.674,-45.410,-85.510
0.711,0.034,1.650,75.439,-58.594,-93.750
0.653,0.026,1.549,71.838,-73.059,-102.051
0.589,-0.012,1.464,71.106,-82.520,-111.511
0.519,-0.034,1.335,71.716,-88.684,-120.850
0.445,-0.000,1.194,73.181,-93.567,-129.211
0.396,0.023,1.109,77.515,-97.229,-136.841
0.354,0.034,1.041,81.177,-96.069,-143.372
0.290,0.065,0.929,81.116,-90.881,-150.391
0.219,0.083,0.803,83.374,-83.618,-160.889
0.140,0.091,0.711,92.896,-76.050,-174.561
0.095,0.121,0.640,105.530,-71.838,-188.660
0.063,0.106,0.598,115.845,-65.369,-201.782
0.016,0.198,0.530,117.981,-62.256,-208.984
0.044,0.278,0.508,111.206,-68.115,-208.801
0.105,0.431,0.533,90.454,-83.069,-202.637
0.119,0.619,0.561,57.922,-104.553,-189.392
0.098,0.798,0.485,23.865,-127.869,-170.654
0.022,0.957,0.281,-3.906,-148.804,-147.888
-0.177,1.103,-0.071,-23.987,-162.903,-123.962
-0.476,1.254,-0.519,-37.048,-159.180,-104.187
-0.766,1.358,-0.876,-32.776,-133.789,-93.933
-0.900,1.344,-0.914,-5.615,-98.694,-93.872
-0.929,1.337,-0.771,25.818,-61.890,-97.534
-0.958,1.409,-0.663,43.823,-22.888,-97.290
-0.988,1.517,-0.602,44.678,14.404,-91.003
-0.982,1.592,-0.501,35.522,37.231,-78.552
-0.971,1.603,-0.346,24.536,25.818,-56.580
-1.042,1.540,-0.210,13.916,-9.949,-29.480
-1.142,1.421,-0.197,4.822,-32.654,-5.310
-1.240,1.331,-0.297,-4.089,-28.687,13.184
-1.257,1.245,-0.405,-11.292,-9.521,27.405
-1.222,1.109,-0.454,-13.733,0.427,40.894
-1.221,1.015,-0.440,-14.160,-0.061,56.030
-1.168,0.878,-0.351,-15.198,8.667,68.848
-1.054,0.724,-0.189,-14.954,19.836,75.134
-0.926,0.634,0.010,-11.658,24.475,76.355
-0.780,0.589,0.208,-7.751,24.841,75.073
-0.654,0.588,0.394,-5.676,19.348,75.378
-0.589,0.604,0.529,-6.836,9.399,80.566
-0.564,0.602,0.601,-11.230,0.427,90.454
-0.552,0.587,0.615,-17.822,-3.357,102.966
-0.551,0.561,0.629,-24.536,-2.563,115.417
-0.533,0.529,0.664,-30.029,3.052,125.183
-0.490,0.470,0.723,-31.433,11.597,131.836
-0.440,0.391,0.782,-28.015,20.447,135.742
-0.387,0.309,0.834,-21.362,28.687,136.780
-0.325,0.226,0.919,-12.878,34.668,134.827
-0.264,0.125,1.009,-4.639,37.720,130.615
-0.216,0.054,1.064,1.038,38.086,126.587
-0.186,0.003,1.090,3.357,37.048,122.986
-0.164,-0.008,1.105,2.319,34.119,121.094
-0.147,-0.010,1.113,-0.732,31.006,120.911
-0.138,0.000,1.079,-5.798,28.320,122.375
-0.138,0.013,1.028,-10.742,25.940,124.329
-0.137,0.011,0.998,-11.658,24.658,125.122
-0.106,-0.027,0.986,-8.362,24.292,125.061
-0.071,-0.090,0.991,-4.456,24.231,124.573
-0.034,-0.165,1.005,-1.526,22.339,123.230
-0.002,-0.214,1.009,-2.197,18.799,120.789
0.021,-0.239,0.989,-6.775,13.489,117.432
0.015,-0.241,0.930,-14.160,7.324,113.770
0.001,-0.217,0.858,-21.667,1.831,109.985
-0.014,-0.201,0.783,-27.283,-2.686,105.713
-0.041,-0.179,0.692,-30.945,-5.005,100.342
-0.066,-0.128,0.602,-31.250,-4.883,94.360
-0.085,-0.076,0.550,-26.245,-3.296,88.440
-0.086,-0.053,0.538,-18.250,0.122,83.069
-0.054,-0.055,0.558,-11.230,4.272,78.491
-0.010,-0.068,0.588,-10.010,7.202,75.317
0.014,-0.073,0.598,-14.893,7.812,73.547
0.036,-0.068,0.602,-21.912,7.446,72.693
0.028,-0.082,0.606,-28.564,5.371,70.923
0.003,-0.086,0.566,-34.790,4.272,67.383
-0.005,-0.047,0.536,-37.415,5.371,62.195
-0.008,-0.006,0.536,-35.522,9.583,55.298
-0.030,0.044,0.553,-29.602,16.418,47.729
0.020,0.078,0.642,-19.043,22.949,41.748
0.090,0.046,0.780,-10.620,27.283,39.429
0.143,-0.007,0.889,-12.695,30.457,40.283
0.164,-0.049,0.914,-24.597,31.372,42.297
0.157,-0.072,0.894,-38.452,28.748,43.396
0.147,-0.084,0.856,-49.438,27.039,42.053
0.121,-0.063,0.823,-56.396,24.902,37.109
0.105,-0.034,0.808,-56.091,23.682,28.992
0.045,0.039,0.790,-47.485,25.452,17.395
0.009,0.154,0.826,-28.442,34.912,2.747
0.115,0.152,1.015,-2.869,43.823,-9.766
0.197,0.144,1.264,13.184,45.471,-14.587
0.286,0.106,1.411,11.536,45.898,-11.536
0.352,0.068,1.457,-0.732,48.096,-5.676
0.334,0.060,1.481,-17.334,37.842,0.916
0.309,0.055,1.495,-33.997,23.499,6.531
0.256,0.033,1.505,-45.776,14.954,7.202
0.212,0.014,1.480,-48.828,13.794,3.845
0.152,0.012,1.461,-45.410,13.245,-2.136
0.101,0.029,1.483,-37.720,9.888,-10.071
0.076,0.073,1.517,-28.503,8.911,-18.005
0.061,0.133,1.567,-22.339,8.057,-22.583
0.060,0.175,1.610,-20.630,8.423,-22.705
0.040,0.202,1.622,-24.292,6.775,-18.982
0.356,0.303,2.098,15.076,65.308,-63.049
0.247,0.644,2.663,56.458,74.829,-79.102
0.521,0.685,3.766,114.380,77.209,-102.356
1.020,0.398,3.708,167.053,58.350,-89.600
1.117,0.039,2.876,153.198,27.588,-44.434
1.134,-0.389,2.019,70.435,-7.141,-14.893
1.019,-0.622,1.606,-25.940,-24.536,-7.935
0.937,-0.736,1.415,-86.792,-32.776,-11.841
0.930,-0.691,1.253,-117.493,-52.917,-19.348
0.859,-0.556,1.293,-125.122,-72.388,-38.086
0.800,-0.421,1.568,-105.164,-74.890,-61.035
0.733,-0.270,1.875,-67.505,-67.200,-83.557
0.684,-0.148,2.084,-25.391,-57.251,-100.525
0.695,-0.144,2.217,9.216,-48.828,-110.718
0.630,-0.139,2.334,26.367,-52.002,-116.699
0.543,-0.069,2.410,28.320,-54.382,-121.033
0.438,0.037,2.494,25.024,-56.824,-124.634
0.364,0.194,2.526,21.118,-63.477,-126.648
0.268,0.390,2.474,15.503,-73.669,-128.784
0.200,0.552,2.367,12.085,-85.449,-130.249
0.066,0.707,2.203,14.893,-102.051,-129.700
0.010,0.794,2.050,25.024,-110.229,-127.930
-0.075,0.863,1.950,38.086,-123.047,-125.854
-0.138,0.880,1.848,53.772,-129.639,-124.878
-0.132,0.861,1.716,68.970,-136.047,-123.474
-0.168,0.846,1.538,81.482,-143.311,-119.385
-0.225,0.829,1.290,89.600,-150.085,-112.915
-0.248,0.780,1.006,95.764,-142.517,-107.666
-0.330,0.782,0.732,100.891,-129.272,-105.164
-0.370,0.739,0.497,113.770,-106.628,-107.117
-0.298,0.712,0.378,138.611,-84.656,-112.793
-0.153,0.667,0.424,165.161,-78.491,-117.249
-0.008,0.578,0.542,183.655,-88.867,-119.019
0.083,0.477,0.642,191.711,-109.131,-116.333
0.135,0.403,0.674,187.317,-126.953,-112.305
0.163,0.349,0.627,172.852,-140.930,-106.140
0.157,0.372,0.507,143.616,-155.945,-94.910
0.120,0.504,0.304,98.755,-166.809,-77.332
-0.012,0.626,-0.010,44.495,-171.326,-53.650
-0.184,0.726,-0.393,-6.287,-161.621,-29.236
-0.470,0.784,-0.803,-39.368,-143.005,-5.188
-0.713,0.823,-1.159,-50.598,-109.558,11.719
-0.856,0.872,-1.343,-41.199,-67.810,18.799
-0.893,0.900,-1.315,-14.221,-26.917,14.709
-0.897,0.808,-1.177,26.611,2.686,4.883
-0.861,0.657,-1.002,69.763,19.165,-5.249
-0.787,0.513,-0.758,100.586,27.466,-14.954
-0.714,0.448,-0.537,109.314,36.194,-20.996
-0.633,0.429,-0.415,97.534,45.959,-20.508
-0.589,0.465,-0.334,72.937,48.584,-11.780
-0.554,0.456,-0.310,44.189,41.931,4.028
-0.571,0.461,-0.302,16.541,32.471,24.170
-0.588,0.432,-0.323,-4.639,31.128,40.405
-0.601,0.362,-0.304,-14.526,31.921,49.194
-0.569,0.278,-0.237,-14.099,28.870,51.880
-0.536,0.216,-0.110,-9.094,19.958,51.880
-0.486,0.169,0.023,-6.836,8.545,51.270
-0.455,0.140,0.158,-10.681,-2.869,52.979
-0.465,0.129,0.233,-22.705,-11.230,57.983
-0.498,0.139,0.268,-39.246,-15.381,64.941
-0.521,0.176,0.298,-55.481,-15.808,72.571
-0.529,0.222,0.341,-68.115,-13.733,81.116
-0.536,0.238,0.383,-75.195,-11.108,89.966
-0.549,0.216,0.427,-77.209,-8.240,97.961
-0.550,0.172,0.470,-77.087,-4.700,104.187
-0.553,0.128,0.506,-75.562,-0.916,108.765
-0.566,0.057,0.547,-71.533,4.150,111.450
-0.579,-0.011,0.588,-65.613,10.986,111.572
-0.565,-0.039,0.651,-58.044,19.348,108.948
-0.514,-0.055,0.790,-49.744,26.367,104.004
-0.427,-0.066,0.935,-42.908,30.457,99.609
-0.360,-0.056,1.034,-40.649,30.823,98.877
-0.316,-0.042,1.078,-42.847,30.762,100.891
-0.297,-0.043,1.091,-45.898,30.884,104.065
-0.301,-0.075,1.091,-45.898,31.311,106.567
-0.290,-0.102,1.074,-43.396,32.654,107.483
-0.273,-0.142,1.063,-40.100,34.790,107.300
-0.258,-0.176,1.035,-36.926,37.598,105.103
-0.235,-0.180,1.021,-32.898,39.734,101.501
-0.197,-0.171,1.019,-27.222,39.551,97.656
-0.159,-0.194,1.009,-22.034,38.696,94.299
-0.156,-0.229,0.980,-19.226,35.461,91.675
-0.144,-0.264,0.927,-19.470,31.189,89.294
-0.141,-0.282,0.868,-22.461,25.879,87.280
-0.146,-0.275,0.814,-27.954,20.996,85.449
-0.138,-0.252,0.789,-34.241,18.677,83.252
-0.087,-0.226,0.801,-39.001,17.517,80.750
-0.049,-0.175,0.819,-42.358,18.494,77.576
0.010,-0.138,0.886,-41.870,19.348,74.585
0.082,-0.151,0.972,-38.513,16.968,71.655
0.129,-0.178,1.016,-37.109,13.184,70.557
0.128,-0.226,1.059,-38.269,9.583,70.068
0.113,-0.270,1.067,-41.260,9.399,67.749
0.104,-0.287,1.062,-43.640,9.827,62.012
0.106,-0.264,1.076,-42.480,11.169,53.223
0.110,-0.212,1.102,-37.354,14.893,44.189
0.148,-0.167,1.167,-30.090,17.273,35.522
0.209,-0.151,1.258,-24.109,15.015,29.480
0.243,-0.140,1.299,-23.926,9.155,27.039
0.245,-0.117,1.323,-29.541,1.709,26.794
0.218,-0.087,1.348,-37.170,-3.601,27.466
0.205,-0.056,1.398,-42.664,-6.531,26.428
0.193,-0.026,1.421,-45.288,-6.470,24.048
0.166,0.009,1.419,-44.861,-5.554,20.081
0.119,0.029,1.422,-38.879,-3.906,13.855
0.113,0.023,1.435,-26.978,-0.732,6.531
0.117,0.026,1.447,-16.052,1.648,0.000
0.100,0.056,1.448,-11.414,-0.488,-4.456
0.095,0.080,1.445,-10.620,-4.150,-6.897
0.064,0.109,1.431,-12.451,-8.484,-6.836
0.040,0.125,1.411,-15.076,-8.606,-5.249
0.023,0.140,1.383,-17.029,-4.822,-3.662
0.009,0.144,1.369,-16.846,-3.296,-2.502
0.000,0.127,1.341,-15.198,-1.160,-1.099
-0.016,0.104,1.303,-13.733,1.282,-0.549
-0.030,0.086,1.261,-12.329,2.014,-0.916
-0.043,0.079,1.223,-10.742,1.770,-2.319
-0.065,0.076,1.179,-8.362,1.587,-3.784
-0.089,0.069,1.131,-5.493,2.075,-5.676
0.350,0.320,1.918,-3.601,111.023,-24.231
0.283,0.297,1.981,-5.859,102.234,-21.484
0.494,0.154,1.981,-14.771,82.214,-18.555
0.403,0.214,2.036,-33.081,33.203,-10.010
0.404,0.204,1.926,-52.673,24.231,-2.258
0.336,0.223,1.778,-70.007,32.288,3.235
0.331,0.198,1.632,-78.369,42.786,6.836
0.302,0.132,1.554,-74.585,49.133,5.371
0.317,0.085,1.506,-58.472,56.763,1.465
0.374,0.044,1.631,-34.241,62.683,-3.662
0.496,0.057,1.992,-7.507,65.186,-10.742
0.561,0.062,2.214,14.343,66.711,-20.447
0.656,0.003,2.327,26.062,54.260,-20.142
0.751,-0.077,2.402,17.029,43.396,-16.296
0.770,-0.111,2.436,-2.075,36.926,-13.550
0.794,-0.168,2.392,-19.226,26.001,-11.353
0.851,-0.165,2.404,-30.518,13.916,-11.780
0.843,-0.133,2.520,-31.067,6.409,-20.020
0.827,-0.104,2.539,-20.081,-2.502,-32.959
0.822,-0.090,2.491,-1.221,-15.198,-46.265
0.830,-0.062,2.410,19.470,-25.879,-61.157
0.859,-0.030,2.432,42.358,-31.250,-78.247
0.881,0.015,2.500,65.308,-39.551,-94.055
0.917,0.040,2.532,85.022,-49.438,-106.384
0.932,0.048,2.511,97.290,-58.594,-115.906
0.936,0.075,2.450,102.417,-64.758,-124.451
0.927,0.105,2.357,104.065,-74.951,-132.141
0.889,0.160,2.213,105.957,-89.172,-139.465
0.889,0.171,2.097,109.863,-99.609,-148.254
0.866,0.188,1.920,111.511,-116.211,-157.227
0.857,0.199,1.700,112.549,-135.193,-165.771
0.822,0.220,1.465,110.901,-158.569,-173.340
0.734,0.234,1.185,106.140,-174.561,-180.786
0.684,0.240,0.841,100.586,-174.011,-187.744
0.493,0.309,0.520,91.125,-179.504,-192.261
0.323,0.358,0.120,83.130,-159.973,-196.167
0.129,0.420,-0.305,77.148,-121.704,-199.951
0.063,0.490,-0.613,70.313,-97.656,-202.515
0.033,0.585,-0.672,65.674,-105.225,-203.735
-0.151,0.724,-0.543,71.472,-145.142,-198.425
-0.262,0.748,-0.464,90.454,-164.062,-190.063
-0.252,0.673,-0.323,108.826,-158.569,-182.495
-0.216,0.703,-0.204,108.887,-145.630,-175.354
-0.233,0.795,-0.123,94.360,-136.230,-165.283
-0.276,0.873,-0.168,74.585,-127.747,-152.039
-0.421,1.036,-0.296,48.401,-103.149,-134.949
-0.640,1.277,-0.503,21.179,-75.439,-111.511
-0.927,1.517,-0.742,3.052,-30.762,-86.365
-1.167,1.669,-0.916,-0.732,23.193,-64.941
-1.223,1.623,-0.885,9.827,61.768,-52.979
-1.177,1.439,-0.591,35.095,54.382,-50.293
-1.056,1.212,-0.215,68.176,27.649,-51.270
-0.909,1.072,0.073,87.341,24.963,-52.063
-0.849,1.104,0.129,79.163,34.363,-43.701
-0.824,1.194,0.034,52.002,39.001,-23.865
-0.847,1.256,-0.051,23.743,35.095,5.188
-0.885,1.187,-0.127,2.930,34.546,37.659
-0.896,0.994,-0.181,-8.057,38.086,62.744
-0.860,0.740,-0.169,-7.751,38.452,75.378
-0.751,0.559,-0.035,0.305,32.532,79.041
-0.648,0.411,0.149,7.446,22.156,80.261
-0.531,0.289,0.332,6.775,10.742,82.153
-0.480,0.253,0.449,-2.075,0.610,86.304
-0.458,0.249,0.497,-16.052,-6.287,91.736
-0.452,0.247,0.521,-29.419,-10.254,99.121
-0.458,0.240,0.543,-41.077,-11.169,108.582
-0.454,0.214,0.584,-50.354,-11.169,118.530
-0.436,0.171,0.629,-57.983,-9.399,127.625
-0.418,0.118,0.679,-62.927,-6.836,134.888
-0.402,0.083,0.715,-65.002,-4.700,139.282
-0.380,0.076,0.760,-64.270,-2.258,140.808
-0.352,0.070,0.833,-60.547,1.099,140.991
-0.315,0.067,0.903,-55.176,6.531,140.442
-0.274,0.045,0.979,-47.913,12.146,139.893
-0.233,-0.001,1.054,-39.551,16.724,138.916
-0.185,-0.064,1.102,-31.799,20.691,138.184
-0.144,-0.121,1.128,-28.137,22.949,137.817
-0.119,-0.146,1.128,-29.114,24.353,137.756
-0.101,-0.174,1.123,-30.457,26.428,136.902
-0.080,-0.193,1.115,-30.029,29.175,135.010
-0.047,-0.208,1.106,-26.917,32.349,131.775
-0.003,-0.228,1.111,-20.752,35.156,127.136
0.041,-0.264,1.126,-12.085,36.011,121.643
0.071,-0.325,1.136,-2.686,33.325,115.784
0.069,-0.391,1.125,4.761,26.367,109.131
0.063,-0.456,1.077,6.470,19.958,102.722
0.044,-0.485,1.008,1.770,12.817,97.107
0.011,-0.480,0.943,-7.080,6.409,92.712
-0.025,-0.438,0.863,-17.029,2.319,89.111
-0.034,-0.390,0.820,-25.452,-0.610,86.853
-0.030,-0.369,0.774,-32.593,-2.930,85.144
-0.040,-0.326,0.730,-38.696,-5.676,83.435
-0.031,-0.257,0.707,-41.748,-2.197,80.811
-0.009,-0.179,0.718,-38.635,11.963,77.209
0.048,-0.139,0.784,-28.809,27.588,72.388
0.124,-0.151,0.928,-15.259,35.889,66.101
0.190,-0.168,1.068,-4.639,34.485,61.096
0.264,-0.210,1.148,-0.793,29.297,58.228
0.268,-0.241,1.170,-3.784,20.935,57.251
0.255,-0.241,1.182,-12.024,11.292,56.091
0.258,-0.237,1.185,-21.240,5.371,54.504
0.258,-0.224,1.171,-30.823,1.404,52.734
0.238,-0.197,1.117,-38.940,-1.526,50.720
0.221,-0.163,1.038,-42.908,-2.380,47.302
0.161,-0.120,1.004,-41.077,-3.052,42.175
0.159,-0.096,0.968,-33.447,7.935,34.912
0.175,-0.071,0.954,-22.461,20.874,27.161
0.149,-0.021,0.969,-10.620,24.963,20.630
0.201,-0.003,1.058,3.479,27.039,14.954
0.234,0.017,1.203,13.245,24.902,10.864
0.252,0.023,1.333,15.625,22.034,9.399
0.290,-0.005,1.415,12.512,25.391,10.315
0.295,-0.011,1.418,2.930,26.001,13.977
0.281,-0.046,1.371,-8.850,24.475,18.188
0.249,-0.061,1.294,-19.531,19.775,21.912
0.215,-0.062,1.216,-26.184,13.306,23.132
0.189,-0.056,1.157,-25.757,10.010,21.484
0.169,-0.057,1.146,-19.104,9.888,17.822
0.172,-0.075,1.171,-10.193,12.878,12.451
0.650,-0.202,2.199,-34.363,71.350,-20.691
0.494,-0.001,2.255,-54.504,24.292,-21.545
0.546,0.084,2.109,-70.618,16.541,-16.907
0.494,0.180,2.004,-84.534,14.954,-14.648
0.459,0.187,1.842,-89.233,12.451,-11.292
0.427,0.169,1.678,-84.778,12.024,-11.719
0.398,0.153,1.560,-73.853,13.123,-15.381
0.533,0.245,1.872,-52.368,15.381,-22.888
0.445,0.347,2.044,-16.357,29.724,-42.175
0.602,0.325,2.363,38.879,31.860,-47.302
0.690,0.044,2.331,76.477,27.649,-45.532
0.718,-0.068,2.286,69.458,10.986,-44.434
0.760,-0.157,2.194,41.504,13.855,-44.678
0.793,-0.157,2.035,14.099,16.541,-41.321
0.804,-0.158,1.920,-9.277,10.681,-35.583
0.855,-0.210,1.759,-26.917,7.874,-29.175
0.893,-0.292,1.712,-34.485,14.282,-29.480
0.917,-0.357,1.836,-27.710,17.822,-35.278
0.960,-0.422,1.902,-13.123,18.494,-46.265
1.053,-0.410,2.063,2.808,18.799,-60.364
1.077,-0.289,2.294,21.606,19.531,-79.102
1.101,-0.234,2.482,45.959,17.151,-92.957
1.193,-0.317,2.536,65.247,11.841,-98.694
1.237,-0.430,2.570,67.566,3.784,-103.943
1.226,-0.450,2.646,58.655,-10.925,-112.915
1.183,-0.430,2.707,49.927,-33.813,-123.657
1.151,-0.374,2.664,43.884,-51.270,-134.460
1.105,-0.288,2.533,38.086,-63.354,-146.484
1.024,-0.171,2.353,32.471,-81.238,-158.325
0.941,-0.085,2.139,31.067,-98.267,-170.166
0.874,0.013,1.928,34.180,-112.427,-181.641
0.780,0.115,1.695,38.635,-125.610,-192.505
0.734,0.193,1.498,44.250,-134.766,-201.355
0.659,0.286,1.236,49.561,-136.475,-207.336
0.569,0.396,0.954,50.171,-138.916,-208.679
0.399,0.497,0.629,47.485,-141.235,-205.383
0.219,0.562,0.280,43.701,-126.221,-199.097
0.050,0.613,-0.052,35.583,-97.534,-193.176
0.085,0.652,-0.335,21.118,-63.721,-188.538
0.126,0.684,-0.368,5.066,-65.186,-184.875
0.037,0.700,-0.269,0.000,-102.478,-180.725
-0.069,0.774,-0.248,12.024,-139.465,-173.584
-0.145,0.828,-0.290,29.175,-151.550,-166.992
-0.220,0.882,-0.385,39.063,-143.738,-158.875
-0.312,0.945,-0.448,37.109,-129.456,-144.409
-0.498,1.019,-0.599,21.973,-105.408,-123.596
-0.700,1.216,-0.793,-2.258,-57.861,-102.356
-0.958,1.526,-0.969,-25.085,2.319,-81.360
-1.261,1.841,-1.150,-39.001,72.754,-63.538
-1.357,1.926,-1.114,-33.020,128.296,-54.382
-1.440,1.813,-0.832,-8.118,116.272,-56.274
-1.521,1.677,-0.516,29.846,69.702,-58.899
-1.371,1.503,-0.292,62.317,73.486,-66.345
-1.152,1.493,-0.082,75.134,85.144,-69.946
-0.984,1.583,0.049,67.200,74.585,-52.124
-0.944,1.709,-0.007,45.349,62.256,-13.306
-0.932,1.541,-0.139,22.644,70.435,30.823
-0.854,1.105,-0.170,10.498,74.402,62.561
-0.735,0.718,0.022,15.137,55.237,78.064
-0.523,0.490,0.248,22.095,22.339,83.801
-0.350,0.385,0.498,22.339,-4.272,87.708
-0.227,0.324,0.683,14.404,-24.902,92.590
-0.167,0.323,0.778,1.587,-40.344,98.511
-0.144,0.358,0.792,-10.925,-49.316,106.567
-0.154,0.354,0.790,-21.057,-52.429,116.394
-0.146,0.332,0.791,-29.236,-51.392,125.305
-0.129,0.340,0.808,-36.804,-49.805,135.132
-0.123,0.322,0.831,-42.358,-46.509,144.653
-0.130,0.267,0.855,-46.082,-45.227,153.320
-0.139,0.205,0.857,-46.997,-45.776,160.156
-0.153,0.142,0.858,-44.556,-45.349,163.574
-0.158,0.075,0.871,-38.086,-40.588,162.109
-0.146,0.031,0.902,-28.870,-33.447,156.555
-0.134,0.002,0.958,-18.738,-28.198,148.987
-0.102,-0.012,0.998,-10.193,-20.081,141.541
-0.060,-0.031,1.044,-4.272,-10.559,135.193
-0.013,-0.043,1.091,-1.770,-5.249,130.920
0.019,-0.042,1.107,-2.625,-2.930,128.357
0.052,-0.041,1.105,-4.639,-3.052,127.380
0.063,-0.051,1.080,-5.310,-4.456,126.953
0.041,-0.083,1.039,-4.089,-4.272,126.404
0.048,-0.128,1.001,-2.136,-0.549,125.305
0.036,-0.172,1.003,0.183,2.319,123.657
0.037,-0.214,0.998,3.052,5.188,120.911
0.039,-0.232,1.002,5.920,7.690,116.882
0.073,-0.244,1.031,8.301,9.521,110.596
0.112,-0.260,1.077,9.827,10.193,104.675
0.114,-0.266,1.092,10.803,7.263,100.342
0.123,-0.278,1.074,9.827,2.502,96.436
0.121,-0.267,1.036,5.493,-4.028,93.323
0.125,-0.243,1.008,-1.038,-9.888,91.431
0.125,-0.210,0.986,-9.277,-15.137,91.797
0.121,-0.176,0.976,-19.409,-20.935,93.872
0.104,-0.157,0.967,-28.625,-26.917,95.825
0.092,-0.120,0.948,-34.790,-24.597,96.497
0.091,-0.096,0.939,-36.255,-17.517,95.886
0.101,-0.128,0.964,-32.593,-11.658,93.079
0.116,-0.172,1.017,-26.489,-9.033,88.074
0.140,-0.202,1.087,-20.752,-8.057,81.482
0.157,-0.227,1.128,-17.761,-9.766,74.951
0.153,-0.229,1.149,-17.944,-13.489,68.481
0.145,-0.231,1.170,-19.043,-16.113,61.951
0.139,-0.228,1.141,-21.484,-18.982,55.786
0.111,-0.200,1.091,-25.269,-23.804,51.331
0.071,-0.187,1.021,-29.297,-28.809,48.340
0.028,-0.172,0.927,-33.997,-31.250,46.509
-0.027,-0.138,0.848,-38.086,-30.518,44.678
-0.047,-0.092,0.798,-39.246,-26.917,42.114
-0.052,-0.054,0.771,-39.978,-20.020,39.246
-0.039,-0.028,0.811,-38.879,-12.756,36.438
-0.042,-0.008,0.858,-36.682,-5.737,32.593
-0.035,-0.031,0.901,-31.616,-0.549,28.198
-0.036,-0.059,0.923,-24.719,2.136,23.254
-0.056,-0.043,0.872,-17.456,2.991,17.822
-0.077,0.000,0.824,-11.414,6.042,11.108
-0.074,0.072,0.818,-5.859,12.634,5.005
-0.050,0.124,0.857,0.671,21.240,1.343
-0.002,0.147,0.931,6.714,30.273,-0.549
0.057,0.131,1.005,9.705,38.452,-0.305
-0.045,2.310,3.865,21.240,159.668,-135.803
1.245,1.077,4.000,191.895,188.782,-144.348
1.237,0.237,3.250,273.193,94.421,-45.593
1.000,-0.545,2.292,210.571,24.719,12.695
1.002,-1.010,1.721,93.689,11.658,22.827
0.865,-1.031,1.577,-22.705,-5.005,16.968
0.668,-0.881,1.480,-95.154,-38.086,2.808
0.603,-0.651,1.282,-117.432,-62.927,-11.169
0.558,-0.375,1.350,-104.919,-61.768,-33.691
0.528,-0.138,1.521,-64.392,-39.673,-60.242
0.590,-0.019,1.637,-7.629,-10.498,-80.383
0.696,-0.040,1.825,46.021,12.390,-92.896
0.775,-0.096,2.011,80.872,26.367,-102.112
0.865,-0.126,2.213,96.741,40.222,-108.765
0.955,-0.167,2.445,100.525,49.683,-113.159
1.006,-0.184,2.592,96.375,46.021,-116.272
1.021,-0.211,2.654,87.708,32.288,-118.347
0.992,-0.233,2.615,74.036,14.099,-122.437
0.951,-0.149,2.521,60.181,-8.789,-128.784
0.866,-0.037,2.387,51.208,-37.415,-136.658
0.815,0.062,2.230,47.607,-62.317,-145.447
0.727,0.174,2.058,44.434,-82.336,-153.381
0.650,0.298,1.862,43.030,-98.145,-159.546
0.606,0.417,1.627,44.373,-109.009,-162.292
0.541,0.498,1.354,47.119,-112.854,-164.612
0.496,0.567,1.141,51.758,-112.305,-167.664
0.448,0.662,0.953,55.603,-121.216,-171.509
0.417,0.717,0.766,61.340,-122.253,-177.795
0.286,0.757,0.572,68.909,-121.704,-185.730
0.262,0.730,0.336,78.491,-108.032,-193.665
0.231,0.740,0.170,84.534,-96.313,-198.059
0.267,0.778,0.126,80.505,-110.168,-193.359
0.250,0.794,0.161,62.500,-147.034,-178.711
0.198,0.832,0.094,30.273,-182.190,-154.175
0.122,0.921,0.005,-5.310,-205.261,-127.625
0.017,0.930,-0.147,-30.212,-211.731,-104.797
-0.084,0.925,-0.360,-39.856,-206.177,-85.144
-0.336,0.875,-0.528,-41.748,-191.101,-67.993
-0.522,0.887,-0.778,-42.908,-152.954,-59.265
-0.763,0.948,-0.948,-34.180,-102.417,-53.040
-0.992,1.105,-1.059,-19.348,-47.424,-49.927
-1.029,1.230,-0.993,-2.014,12.695,-47.119
-0.958,1.214,-0.754,15.930,37.354,-45.532
-1.110,1.182,-0.580,31.982,16.602,-38.452
-1.255,1.058,-0.600,43.213,22.644,-33.508
-1.262,0.894,-0.594,46.753,52.979,-39.673
-1.232,0.998,-0.470,47.607,54.688,-43.457
-1.355,1.268,-0.604,41.504,55.969,-26.611
-1.396,1.166,-0.732,27.588,95.093,-6.958
-1.351,0.813,-0.616,29.175,98.755,-3.235
-1.085,0.590,-0.260,53.589,50.537,-4.761
-0.707,0.574,0.119,60.242,14.954,0.854
-0.449,0.608,0.489,38.879,-10.803,19.897
-0.366,0.623,0.660,3.601,-30.273,46.265
-0.364,0.640,0.691,-28.137,-38.635,72.327
-0.405,0.645,0.681,-48.767,-36.377,94.238
-0.442,0.594,0.657,-59.326,-29.053,111.267
-0.478,0.535,0.629,-63.232,-24.963,122.620
-0.479,0.501,0.639,-61.218,-23.315,127.441
-0.437,0.457,0.717,-51.941,-20.142,126.892
-0.401,0.399,0.814,-38.574,-16.357,123.962
-0.354,0.336,0.883,-25.879,-11.780,121.765
-0.344,0.279,0.922,-16.785,-8.911,121.338
-0.333,0.232,0.922,-12.695,-3.784,122.375
-0.333,0.180,0.887,-12.390,2.380,125.244
-0.347,0.145,0.826,-13.306,10.498,128.479
-0.353,0.098,0.794,-11.536,20.325,130.066
-0.333,0.062,0.802,-7.324,31.799,128.235
-0.298,0.043,0.832,-0.366,42.114,123.657
-0.255,0.023,0.869,11.292,50.964,117.859
-0.191,-0.010,0.920,24.475,57.190,112.244
-0.140,-0.042,0.957,33.081,60.547,108.032
-0.082,-0.074,0.975,36.438,62.988,104.919
-0.040,-0.108,0.980,35.706,62.927,104.065
-0.032,-0.132,0.954,31.860,59.937,104.431
-0.025,-0.158,0.927,27.039,56.763,104.675
-0.016,-0.165,0.910,22.522,53.467,103.821
0.005,-0.156,0.868,18.311,51.025,101.990
0.010,-0.132,0.826,16.724,47.180,99.426
0.031,-0.112,0.824,19.470,41.687,96.558
0.071,-0.123,0.838,23.071,35.767,94.482
0.121,-0.138,0.854,22.095,29.419,94.727
0.148,-0.149,0.847,13.916,22.339,96.558
0.151,-0.140,0.831,1.587,15.930,98.755
0.170,-0.121,0.847,-9.766,9.827,100.464
0.189,-0.118,0.881,-20.264,2.502,101.440
0.191,-0.116,0.887,-29.541,-5.676,102.356
0.176,-0.134,0.847,-38.330,-15.625,103.882
0.128,-0.149,0.771,-46.936,-23.926,104.614
0.080,-0.159,0.714,-52.734,-28.381,103.882
0.045,-0.171,0.652,-55.298,-29.358,101.257
0.019,-0.173,0.615,-54.993,-26.489,96.008
0.006,-0.154,0.613,-52.551,-20.081,89.539
0.012,-0.114,0.644,-48.523,-8.728,83.252
0.060,-0.085,0.708,-43.518,0.122,77.209
0.111,-0.095,0.823,-38.147,5.737,72.083
0.172,-0.088,0.932,-36.621,9.033,67.993
0.230,-0.082,1.038,-37.109,8.972,65.430
0.274,-0.101,1.131,-37.598,5.310,62.866
0.289,-0.146,1.180,-40.039,-1.282,59.814
0.252,-0.173,1.174,-45.288,-8.057,55.908
0.186,-0.180,1.113,-51.147,-11.841,50.049
0.117,-0.152,1.004,-53.955,-11.719,43.030
0.064,-0.084,0.903,-52.612,-8.850,34.058
0.021,0.020,0.880,-44.861,0.610,23.254
0.041,0.109,0.941,-30.212,15.503,13.733
0.159,0.140,1.127,-14.587,26.306,6.958
0.222,0.150,1.332,-7.507,22.400,6.348
0.290,0.154,1.466,-7.812,15.808,9.216
0.304,0.132,1.549,-14.221,11.963,14.038
0.288,0.098,1.539,-24.292,11.719,17.822
0.247,0.057,1.501,-33.508,8.972,19.653
0.185,0.079,1.372,-41.260,3.052,20.203
0.126,0.109,1.240,-45.349,-1.648,19.531
0.084,0.114,1.174,-43.030,-2.563,16.113
0.051,0.137,1.159,-35.950,0.488,10.498
0.050,0.159,1.179,-24.475,7.324,3.906
0.070,0.160,1.246,-11.169,14.526,-1.892
0.096,0.159,1.340,-1.648,19.958,-5.249
0.546,0.187,2.367,68.726,85.999,-63.660
0.670,0.142,2.520,103.088,68.787,-63.660
0.722,-0.108,2.717,122.559,44.556,-58.594
0.730,-0.268,2.536,114.197,25.452,-52.429
0.687,-0.297,2.245,70.557,12.695,-46.387
0.654,-0.281,1.882,19.714,9.338,-41.992
0.604,-0.224,1.624,-15.442,6.592,-38.879
0.613,-0.168,1.518,-27.771,7.263,-37.903
0.709,-0.110,1.623,-24.719,6.531,-38.208
0.839,-0.135,1.936,-16.296,-0.671,-38.086
0.951,-0.208,2.140,-13.000,-12.024,-35.828
1.045,-0.232,2.302,-24.231,-26.306,-32.227
1.074,-0.244,2.547,-36.194,-39.185,-34.058
1.008,-0.181,2.627,-36.194,-45.349,-41.504
0.963,-0.156,2.495,-21.667,-52.856,-48.767
0.927,-0.171,2.310,-3.113,-52.612,-57.617
0.897,-0.166,2.229,13.245,-47.791,-70.557
0.897,-0.116,2.228,27.405,-46.082,-85.632
0.903,-0.080,2.274,41.992,-53.406,-98.145
0.915,-0.088,2.284,55.786,-62.744,-107.422
0.926,-0.108,2.197,63.843,-70.313,-115.906
0.905,-0.099,2.043,64.819,-82.520,-124.207
0.854,-0.073,1.808,59.998,-98.267,-131.348
0.858,0.026,1.565,50.415,-110.596,-137.695
0.848,0.148,1.338,39.978,-119.751,-143.433
0.830,0.261,1.149,31.921,-139.771,-147.034
0.818,0.323,0.988,32.471,-151.794,-147.461
0.815,0.374,0.861,39.612,-153.320,-149.963
0.725,0.377,0.766,51.208,-148.560,-154.175
0.613,0.328,0.598,62.195,-146.851,-157.471
0.486,0.277,0.351,73.853,-135.986,-162.476
0.358,0.270,0.086,83.923,-120.850,-170.227
0.267,0.248,-0.092,90.393,-110.657,-180.237
0.248,0.314,-0.144,90.942,-115.112,-186.829
0.261,0.411,-0.016,84.961,-131.592,-188.232
0.288,0.486,0.192,73.608,-145.630,-183.838
0.317,0.533,0.342,53.467,-160.522,-173.218
0.291,0.604,0.386,20.081,-177.917,-160.400
0.160,0.773,0.222,-14.526,-194.458,-142.273
-0.129,0.942,-0.166,-40.833,-200.928,-117.615
-0.436,1.073,-0.598,-60.486,-181.763,-93.201
-0.794,1.180,-0.963,-71.472,-140.320,-70.679
-1.097,1.270,-1.196,-66.284,-82.214,-53.711
-1.296,1.282,-1.313,-40.588,-5.493,-44.006
-1.251,1.157,-1.114,0.122,58.533,-43.274
-1.107,0.972,-0.662,37.659,71.838,-44.983
-1.133,0.867,-0.394,53.528,52.734,-43.274
-1.269,0.748,-0.380,55.420,60.486,-46.753
-1.292,0.697,-0.431,52.368,90.820,-55.847
-1.362,0.833,-0.406,47.302,104.126,-56.335
-1.546,0.899,-0.532,34.058,116.394,-44.312
-1.619,0.784,-0.556,23.193,120.117,-35.583
-1.435,0.758,-0.230,24.353,81.909,-30.823
-1.150,0.843,0.084,11.597,29.724,-15.503
-0.910,0.933,0.309,-23.254,-4.456,12.207
-0.826,1.024,0.378,-63.110,-21.484,43.396
-0.817,1.043,0.341,-86.731,-27.283,69.336
-0.807,0.978,0.299,-86.365,-25.452,87.830
-0.780,0.838,0.305,-72.510,-19.165,101.257
-0.728,0.684,0.384,-59.509,-10.498,112.061
-0.650,0.560,0.496,-53.406,-2.930,119.263
-0.564,0.469,0.602,-51.208,1.831,122.864
-0.496,0.397,0.695,-49.377,5.005,123.596
-0.419,0.356,0.764,-45.349,8.728,122.803
-0.369,0.320,0.805,-40.161,12.756,122.131
-0.338,0.277,0.808,-36.377,18.005,122.620
-0.314,0.235,0.812,-35.828,22.400,124.878
-0.305,0.186,0.800,-36.377,27.039,128.235
-0.309,0.144,0.782,-37.109,30.457,130.798
-0.291,0.110,0.785,-35.950,34.180,130.859
-0.280,0.083,0.811,-31.860,38.818,129.028
-0.258,0.054,0.821,-25.513,43.640,125.916
-0.224,0.025,0.831,-17.334,48.950,121.704
-0.183,0.009,0.864,-8.423,53.711,116.211
-0.136,-0.005,0.910,1.099,56.274,110.413
-0.088,-0.013,0.948,8.728,55.542,106.628
-0.061,-0.012,0.959,10.925,53.894,105.103
-0.026,0.007,0.947,9.216,51.941,104.065
-0.001,0.007,0.964,7.874,48.645,103.088
0.018,0.013,0.964,7.751,44.983,103.027
0.077,-0.002,0.979,9.094,40.466,101.685
0.102,-0.017,0.999,11.475,33.813,100.586
0.135,-0.056,0.997,10.742,26.794,100.586
0.136,-0.109,0.962,3.052,18.860,102.173
0.107,-0.155,0.891,-9.705,9.399,104.553
0.069,-0.151,0.820,-24.292,1.282,105.347
0.036,-0.120,0.756,-37.048,-3.662,103.577
0.015,-0.064,0.716,-43.884,-4.578,98.938
0.013,-0.016,0.740,-42.114,-3.296,91.675
0.035,0.007,0.777,-34.485,-0.427,84.229
0.089,0.016,0.841,-29.053,4.395,78.552
0.112,0.027,0.881,-29.724,3.235,76.294
0.119,0.054,0.883,-36.316,4.028,76.538
0.124,0.087,0.863,-44.556,6.226,76.538
0.131,0.116,0.844,-50.171,9.033,74.524
0.124,0.134,0.796,-52.551,11.780,70.801
0.100,0.202,0.742,-49.744,15.625,63.477
0.099,0.272,0.747,-36.804,24.292,52.185
0.146,0.274,0.829,-15.930,33.875,40.161
0.191,0.257,0.956,5.310,40.344,29.541
0.255,0.219,1.125,22.644,46.387,22.461
0.342,0.139,1.229,30.090,49.622,19.775
0.361,0.079,1.264,22.583,41.016,22.766
0.339,0.057,1.230,5.066,30.884,28.381
0.313,0.052,1.180,-13.977,25.085,32.593
0.274,0.050,1.131,-27.710,18.433,33.142
0.250,0.067,1.116,-31.372,12.329,30.029
0.236,0.094,1.130,-24.719,9.583,23.804
0.243,0.104,1.192,-11.963,11.169,15.869
0.253,0.115,1.276,0.488,18.005,8.789
0.279,0.116,1.381,11.536,26.733,2.930
0.312,0.093,1.464,18.127,32.898,-0.427
0.326,0.088,1.498,17.090,35.645,-1.587
0.330,0.090,1.503,11.536,35.706,-1.343
0.318,0.102,1.495,4.272,33.936,-0.183
0.302,0.114,1.476,-1.953,31.555,0.610
0.285,0.108,1.467,-4.639,26.733,1.160
0.269,0.096,1.436,-5.920,20.752,0.793
0.237,0.093,1.387,-7.812,14.771,0.244
0.643,-0.013,2.034,-2.075,39.063,-41.931
0.623,0.028,1.999,17.700,30.396,-41.809
0.603,0.015,2.194,29.968,23.804,-41.687
0.570,0.007,2.234,38.391,27.954,-44.067
0.626,-0.028,2.151,32.593,29.297,-38.757
0.672,-0.140,1.898,14.160,25.330,-25.269
0.649,-0.276,1.642,-13.489,20.386,-12.939
0.641,-0.397,1.544,-40.771,18.188,-7.935
0.711,-0.436,1.571,-64.697,13.306,-7.324
0.721,-0.463,1.630,-79.834,6.897,-11.658
0.768,-0.476,1.669,-84.290,-2.136,-18.494
0.828,-0.405,1.790,-85.266,-4.089,-28.564
0.903,-0.287,2.012,-77.820,-0.793,-42.664
0.946,-0.163,2.309,-57.312,1.892,-59.204
0.938,-0.127,2.540,-25.574,4.700,-73.975
0.995,-0.122,2.610,3.601,0.488,-80.872
1.085,-0.140,2.620,16.052,-11.719,-84.229
1.078,-0.102,2.637,9.888,-30.579,-88.867
1.041,-0.055,2.594,-2.808,-48.889,-94.116
1.003,0.001,2.462,-13.977,-62.134,-100.281
0.963,0.090,2.288,-22.400,-73.608,-108.215
0.934,0.212,2.110,-27.283,-90.759,-115.845
0.903,0.316,1.884,-27.649,-112.671,-121.033
0.843,0.380,1.602,-21.912,-130.127,-122.559
0.747,0.394,1.313,-13.000,-143.188,-124.756
0.707,0.390,1.000,-4.456,-147.949,-126.221
0.678,0.419,0.715,2.686,-146.729,-126.587
0.593,0.458,0.501,9.338,-142.334,-128.723
0.529,0.474,0.368,18.799,-129.883,-134.766
0.417,0.508,0.230,35.034,-123.657,-144.348
0.273,0.557,0.013,56.702,-104.919,-158.875
0.175,0.591,-0.110,81.970,-81.299,-174.377
0.133,0.529,-0.176,103.210,-65.735,-187.744
0.137,0.475,-0.195,115.540,-66.528,-194.702
0.092,0.426,-0.136,116.333,-80.688,-195.984
0.040,0.433,-0.161,105.591,-90.576,-190.247
0.032,0.539,-0.198,86.914,-94.849,-180.420
0.007,0.677,-0.131,68.481,-98.572,-172.974
-0.017,0.787,0.103,51.697,-105.408,-158.875
-0.055,1.016,0.141,21.667,-117.004,-139.282
-0.313,1.263,-0.028,-9.155,-123.779,-115.173
-0.679,1.413,-0.337,-26.428,-123.413,-88.257
-1.118,1.573,-0.685,-32.227,-96.436,-64.453
-1.457,1.699,-0.945,-27.710,-53.040,-47.546
-1.506,1.638,-0.884,-13.306,-17.456,-39.673
-1.500,1.553,-0.546,1.892,-18.433,-32.715
-1.503,1.474,-0.286,10.376,-27.405,-22.034
-1.509,1.344,-0.198,15.991,-10.437,-13.489
-1.390,1.191,-0.149,23.865,13.916,-9.705
-1.265,1.100,-0.064,31.677,23.499,-0.854
-1.159,0.979,-0.017,34.058,22.888,17.334
-1.063,0.742,0.059,32.288,24.048,34.424
-0.958,0.523,0.154,28.625,20.264,44.556
-0.830,0.410,0.253,23.621,12.024,50.537
-0.703,0.352,0.355,18.005,5.920,55.054
-0.601,0.331,0.463,11.414,1.831,60.120
-0.510,0.320,0.566,5.920,-0.793,63.660
-0.427,0.329,0.682,4.272,-1.770,65.369
-0.339,0.347,0.811,4.822,-3.235,68.054
-0.270,0.363,0.908,3.113,-5.432,74.768
-0.243,0.382,0.956,-2.014,-8.850,85.266
-0.238,0.364,0.972,-6.653,-10.620,96.619
-0.241,0.300,0.988,-9.644,-12.329,106.323
-0.253,0.215,0.983,-11.475,-13.428,113.647
-0.271,0.158,0.962,-12.695,-12.695,117.493
-0.250,0.115,0.953,-11.658,-9.216,118.042
-0.240,0.101,0.956,-7.629,-4.272,116.333
-0.224,0.084,0.970,-1.648,3.967,112.976
-0.187,0.067,1.005,6.958,13.489,108.704
-0.125,0.058,1.050,16.174,19.836,104.065
-0.078,0.061,1.097,24.170,21.057,101.746
-0.043,0.040,1.124,29.236,20.447,101.624
-0.028,0.004,1.104,30.518,18.921,102.783
-0.021,-0.021,1.062,28.809,15.869,104.492
-0.030,-0.067,1.011,25.452,12.329,105.835
-0.049,-0.107,0.925,20.752,10.742,105.652
-0.066,-0.109,0.843,15.564,9.277,103.943
-0.084,-0.098,0.762,12.085,6.958,100.891
-0.108,-0.063,0.648,9.399,7.507,97.656
-0.127,-0.030,0.563,9.766,10.803,94.299
-0.129,-0.018,0.524,14.465,14.954,90.332
-0.101,-0.021,0.518,20.935,19.409,86.365
-0.056,-0.031,0.547,25.635,21.912,83.191
-0.003,-0.053,0.583,25.818,21.240,82.214
0.037,-0.085,0.596,19.836,17.456,84.167
0.053,-0.140,0.585,8.911,11.230,87.219
0.051,-0.177,0.554,-5.005,6.287,89.111
0.043,-0.195,0.520,-19.287,4.822,87.219
0.024,-0.164,0.478,-29.297,7.019,81.421
0.040,-0.101,0.471,-30.090,12.817,71.899
0.089,-0.044,0.528,-20.081,19.775,60.242
0.155,-0.005,0.633,-5.249,25.513,49.622
0.226,0.003,0.761,10.864,27.344,42.297
0.281,-0.027,0.876,22.827,23.560,39.856
0.338,-0.103,0.920,25.391,15.808,42.664
0.341,-0.160,0.910,15.686,2.136,48.889
0.308,-0.173,0.876,-2.136,-13.367,57.007
0.238,-0.210,0.832,-21.729,-24.292,65.247
0.208,-0.260,0.737,-38.025,-24.719,69.580
0.198,-0.292,0.668,-46.204,-20.447,68.054
0.138,-0.287,0.687,-45.166,-25.452,61.035
0.173,-0.332,0.776,-32.166,-22.034,47.546
0.160,-0.382,0.917,-13.550,-22.400,28.809
0.177,-0.405,1.058,3.052,-19.897,8.911
0.204,-0.441,1.146,16.174,-10.620,-9.460
0.222,-0.413,1.154,20.630,-4.028,-24.719
0.231,-0.315,1.113,17.761,0.000,-35.095
0.230,-0.200,1.107,11.902,1.892,-39.978
0.235,-0.108,1.129,6.042,2.319,-39.612
0.236,-0.039,1.184,2.686,1.343,-35.828
0.229,0.023,1.287,2.319,-1.282,-29.785
0.236,0.039,1.391,2.563,-1.648,-22.766
0.232,0.022,1.463,-0.793,-0.854,-15.503
0.209,-0.001,1.499,-9.216,-1.953,-8.362
0.168,-0.014,1.502,-21.973,-5.737,-2.625
0.145,-0.041,1.477,-36.255,-11.963,1.831
0.093,-0.029,1.375,-52.368,-20.691,4.761
0.038,-0.003,1.235,-65.369,-28.320,6.104
-0.027,0.020,1.095,-68.237,-30.823,6.165
